2016/07/28,20:47:55.89,1188,PbP,11,1369,2176,1969,2095,102,104,2093,154796032,0,3,104,0,3,6684672,0,0,0,0,0,0,0,0,0,0,0,0,0,0,0,0,0,0,0,0,0,0,0,0,0,0,0,0,0,0,0,0,0,0,0,0,0,0,0,0,0,0,0,0,0,0,0,0,0,0,0,0,0,0,0,0,0,0,0,0,0,0,0,0,0,0,0,0,0,0,0,0,0,0,0,0,0,0,0,0,0,0,0,0,0,0,0,0,0,0,0,0,0,0,0,0,0,0,0,0,0,0,0,0,0,0,0,0,0,0,0,0,0,0,0,0,0,0,0,0,0,0,0,0,0,0,0,0,0,0,0,0,0,0,0,0,0,0,0,0,0,0,0,0,0,0,0,0,0,0,0,0,0,0,0,0,0,0,0,0,0,0,0,0,0,0,0,0,0,0,0,0,0,0,0,0,0,0,0,0,0,0,0,0,0,0,0,0,0,0,0,0,0,0,0,0,0,0,0,0,0,0,0,0,0,0,0,0,0,0,0,0,0,0,0,0,0,0,0,0,0,0,0,0,0,0,0,0,0,0,0,0,0,0,0,0,0,0,0,0,0,0,0,0,0,0,0,0,0,0,0,0,0,0,0,0,0,0,0,0,0,0,0,0,0,0,0,0,0,0,0,0,0,0,0,0,0,0,0,0,0,0,0,0,0,0,0

2016/07/28,20:47:56.80,1186,PbP,1366,2162,1968,2095,102,104,2093,2362,38,4,104,1048,3,102,0,0,0,0,0,0,0,0,0,0,0,0,0,0,0,0,0,0,0,0,0,0,0,0,0,0,0,0,0,13,43,3675,67915404,136023710,204734095,272973457,341102236,409374331,477847214,546057901,614837929,682651310,750857863,818667140,887205535,955457187,1023463049,1092173471,1160531599,1228951187,1297231503,1365036678,1433525890,1502146157,1570127460,1638501997,1706614390,1774702183,1843015279,1911627395,1979539078,2047843968,2116259472,2184334998,2252504734,2320944808,2388709030,2457145014,2525658815,2594066115,2662604496,2730921677,2799005386,2867031753,2935373521,3003756232,3071815369,3140181708,3208617672,3276771021,3345387212,3413483202,3481444043,3549884103,3618229959,3686268616,0,0,0,0,0,0,0,0,0,0,0,0,0,0,0,0,0,0,0,0,0,0,0,0,0,0,0,0,0,0,0,0,0,0,0,0,0,0,0,0,0,0,0,0,0,0,0,0,0,0,0,0,0,0,0,0,0,0,0,0,0,0,0,0,0,0,0,0,0,0,0,0,0,0,0,0,0,0,0,0,0,0,0,0,0,0,0,0,0,0,0,0,0,0,0,0,0,0,0,0,0,0,0,0,0,0,0,0,0,0,0,0,0,0,0,0,0,0,0,0,0,0,0,0,0,0,0,0,0,0,0,0,0,0,0,0,0,0,0,0,0,0,0,0,0,0,0,0,0,0,0,0,0,0,0,0,0,0,0,0,0,0,0,0,0,0,0,0,0,0,0,0,0,0,0,0,0,0,0,0,0,0,0,0,0,0,0,0,0,0,0,0,0,0,0,0,0,0,0,0,0,30039

2016/07/28,20:47:57.70,1186,PbP,1366,2166,1968,2095,102,104,2093,2362,44,3,104,1069,3,102,0,0,0,0,0,0,0,0,0,0,0,0,0,0,0,0,0,0,0,0,0,0,0,0,0,0,0,0,0,33,21,3770,68640445,136281792,204402363,272793271,341061303,409427628,478224034,546418332,614125207,682688131,750698105,819314265,887324231,955727408,1024077320,1092328961,1160523251,1228746187,1297006020,1365609898,1433374129,1501687229,1569824150,1637830058,1706675650,1774955966,1842986440,1911131591,1978785246,2047385076,2115796471,2184203781,2252451343,2320698910,2388839990,2456784441,2525466182,2594090580,2661994079,2730372727,2798087793,2867228287,2935164569,3003100826,3071602325,3140050589,3208314531,3276717746,3345161898,3413053100,3481341621,3549892286,3617500858,0,0,0,0,0,0,0,0,0,0,0,0,0,0,0,0,0,0,0,0,0,0,0,0,0,0,0,0,0,0,0,0,0,0,0,0,0,0,0,0,0,0,0,0,0,0,0,0,0,0,0,0,0,0,0,0,0,0,0,0,0,0,0,0,0,0,0,0,0,0,0,0,0,0,0,0,0,0,0,0,0,0,0,0,0,0,0,0,0,0,0,0,0,0,0,0,0,0,0,0,0,0,0,0,0,0,0,0,0,0,0,0,0,0,0,0,0,0,0,0,0,0,0,0,0,0,0,0,0,0,0,0,0,0,0,0,0,0,0,0,0,0,0,0,0,0,0,0,0,0,0,0,0,0,0,0,0,0,0,0,0,0,0,0,0,0,0,0,0,0,0,0,0,0,0,0,0,0,0,0,0,0,0,0,0,0,0,0,0,0,0,0,0,0,0,0,0,0,0,0,0,0,28678

2016/07/28,20:47:58.60,1186,PbP,1366,2167,1968,2095,102,104,2093,2362,40,3,104,1075,3,102,0,0,0,0,0,0,0,0,0,0,0,0,0,0,0,0,0,0,0,0,0,0,0,0,0,0,0,0,0,17,37,3776,68366016,136937157,205315781,273370820,341556932,409669314,478310091,546528969,615014085,683056835,750935751,819728074,887799492,956366528,1024073407,1092681414,1160834749,1229242042,1297366719,1365565118,1433505473,1501662900,1570107061,1638325941,1706909377,1774816955,1843375810,1912078012,1980092096,2047901380,2116345543,2185076423,2253283012,2321673909,2389839530,2458095261,2526527102,2594516593,2663108182,2731478593,2799648318,2868022839,2936356408,3004104243,3072790062,3141013038,3209170484,3277327926,3345559094,3413900852,3482091055,3550174773,3618750003,0,0,0,0,0,0,0,0,0,0,0,0,0,0,0,0,0,0,0,0,0,0,0,0,0,0,0,0,0,0,0,0,0,0,0,0,0,0,0,0,0,0,0,0,0,0,0,0,0,0,0,0,0,0,0,0,0,0,0,0,0,0,0,0,0,0,0,0,0,0,0,0,0,0,0,0,0,0,0,0,0,0,0,0,0,0,0,0,0,0,0,0,0,0,0,0,0,0,0,0,0,0,0,0,0,0,0,0,0,0,0,0,0,0,0,0,0,0,0,0,0,0,0,0,0,0,0,0,0,0,0,0,0,0,0,0,0,0,0,0,0,0,0,0,0,0,0,0,0,0,0,0,0,0,0,0,0,0,0,0,0,0,0,0,0,0,0,0,0,0,0,0,0,0,0,0,0,0,0,0,0,0,0,0,0,0,0,0,0,0,0,0,0,0,0,0,0,0,0,0,0,0,28394

2016/07/28,20:47:59.56,1186,PbP,1367,2162,1968,2094,102,104,2093,2362,37,4,104,1046,3,102,0,0,0,0,0,0,0,0,0,0,0,0,0,0,0,0,0,0,0,0,0,0,0,0,0,0,0,0,0,17,41,3635,68390450,136461873,205262383,272846391,341401145,409361972,477965884,546217535,614493774,683126366,750743150,819412610,887520914,955719334,1024270015,1092447923,1160408769,1229246139,1296932540,1365216956,1433616051,1502293683,1570234026,1638653611,1706520236,1775001257,1843371688,1911176877,1979170475,2047839912,2116521639,2184461975,2252344996,2321145494,2389253786,2457763487,2525572764,2594320030,2662506150,2730725027,2798997154,2866990763,2935504560,3003780786,3071893177,3140017857,3208216259,3276447422,3344481984,3413376691,3481403047,3549458067,3617906316,3686014596,3754589806,3822419549,3890949733,0,0,0,0,0,0,0,0,0,0,0,0,0,0,0,0,0,0,0,0,0,0,0,0,0,0,0,0,0,0,0,0,0,0,0,0,0,0,0,0,0,0,0,0,0,0,0,0,0,0,0,0,0,0,0,0,0,0,0,0,0,0,0,0,0,0,0,0,0,0,0,0,0,0,0,0,0,0,0,0,0,0,0,0,0,0,0,0,0,0,0,0,0,0,0,0,0,0,0,0,0,0,0,0,0,0,0,0,0,0,0,0,0,0,0,0,0,0,0,0,0,0,0,0,0,0,0,0,0,0,0,0,0,0,0,0,0,0,0,0,0,0,0,0,0,0,0,0,0,0,0,0,0,0,0,0,0,0,0,0,0,0,0,0,0,0,0,0,0,0,0,0,0,0,0,0,0,0,0,0,0,0,0,0,0,0,0,0,0,0,0,0,0,0,0,0,0,0,30580

2016/07/28,20:48:00.56,1186,PbP,1368,2169,1968,2094,102,104,2093,2362,45,4,104,1052,3,102,0,0,0,0,0,0,0,0,0,0,0,0,0,0,0,0,0,0,0,0,0,0,0,0,0,0,0,0,0,10,50,3673,68292182,136240725,204582486,273096279,341343827,409894487,478162527,546012764,614375018,682262150,750935687,819216019,887123629,955842214,1024241331,1092075197,1160580793,1228734147,1297067714,1365597888,1433738938,1501769401,1570160324,1638600375,1706888888,1775144633,1842867883,1911697074,1979526833,2047753892,2115997357,2184265390,2252488366,2320957106,2389192365,2457693873,2525740739,2593726144,2662379208,2730647245,2798890699,2866716373,2935103190,3003637462,3071856344,3140296408,3208683226,3276771033,3344621268,3413401296,3481374423,3549568724,3617971933,3686219484,3754180316,3823103702,3891007189,3959668432,4027363024,0,0,0,0,0,0,0,0,0,0,0,0,0,0,0,0,0,0,0,0,0,0,0,0,0,0,0,0,0,0,0,0,0,0,0,0,0,0,0,0,0,0,0,0,0,0,0,0,0,0,0,0,0,0,0,0,0,0,0,0,0,0,0,0,0,0,0,0,0,0,0,0,0,0,0,0,0,0,0,0,0,0,0,0,0,0,0,0,0,0,0,0,0,0,0,0,0,0,0,0,0,0,0,0,0,0,0,0,0,0,0,0,0,0,0,0,0,0,0,0,0,0,0,0,0,0,0,0,0,0,0,0,0,0,0,0,0,0,0,0,0,0,0,0,0,0,0,0,0,0,0,0,0,0,0,0,0,0,0,0,0,0,0,0,0,0,0,0,0,0,0,0,0,0,0,0,0,0,0,0,0,0,0,0,0,0,0,0,0,0,0,0,0,0,0,0,33534

2016/07/28,20:48:01.58,1186,PbP,1369,2174,1969,2093,102,104,2093,2362,45,3,104,1067,3,102,0,0,0,0,0,0,0,0,0,0,0,0,0,0,0,0,0,0,0,0,0,0,0,0,0,0,0,0,0,14,46,3795,67780299,136384211,204537565,272740054,341106386,409218775,477900505,545873627,614014690,682327773,750550746,818945755,887164633,955428574,1023827676,1091858133,1160105686,1228332759,1296596691,1365085910,1432956624,1501322957,1569857241,1637936853,1706299095,1774898908,1842986717,1911553753,1979727574,2047536850,2115993289,2184167108,2252865207,2321260206,2389180071,2457632410,2525953679,2593885841,2662112914,2730360454,2798468737,2867035761,2935303803,3003813498,3072171644,3139845746,3208023673,3276394110,3344711278,3413192297,3481071230,3549576835,3617701507,3686080134,3754311294,3822456465,3890806426,3959017109,4027256493,0,0,0,0,0,0,0,0,0,0,0,0,0,0,0,0,0,0,0,0,0,0,0,0,0,0,0,0,0,0,0,0,0,0,0,0,0,0,0,0,0,0,0,0,0,0,0,0,0,0,0,0,0,0,0,0,0,0,0,0,0,0,0,0,0,0,0,0,0,0,0,0,0,0,0,0,0,0,0,0,0,0,0,0,0,0,0,0,0,0,0,0,0,0,0,0,0,0,0,0,0,0,0,0,0,0,0,0,0,0,0,0,0,0,0,0,0,0,0,0,0,0,0,0,0,0,0,0,0,0,0,0,0,0,0,0,0,0,0,0,0,0,0,0,0,0,0,0,0,0,0,0,0,0,0,0,0,0,0,0,0,0,0,0,0,0,0,0,0,0,0,0,0,0,0,0,0,0,0,0,0,0,0,0,0,0,0,0,0,0,0,0,0,0,0,0,34435

2016/07/28,20:48:02.56,1186,PbP,1369,2183,1968,2092,102,104,2093,2362,53,4,104,1045,3,102,0,0,0,0,0,0,0,0,0,0,0,0,0,0,0,0,0,0,0,0,0,0,0,0,0,0,0,0,0,12,48,3751,68468400,136400564,204926632,273321621,341536410,410037899,478240381,546254466,614547065,682970739,751533690,819682931,887447152,956038774,1024396902,1092640380,1160793732,1228623472,1297280656,1365298847,1433411243,1501867708,1570438858,1638620882,1706680029,1775189715,1843781342,1912213231,1980083960,2048429812,2116251379,2184634096,2252758768,2321264373,2389135089,2457894645,2526187255,2594049779,2662498040,2730737395,2798825203,2866970360,2935328506,3003719418,3072028405,3140411123,3208322804,3277045491,3345219311,3413327591,3481812701,3550117603,3618479842,3686199000,3754626781,3823169239,3891015389,3959582428,4028079827,0,0,0,0,0,0,0,0,0,0,0,0,0,0,0,0,0,0,0,0,0,0,0,0,0,0,0,0,0,0,0,0,0,0,0,0,0,0,0,0,0,0,0,0,0,0,0,0,0,0,0,0,0,0,0,0,0,0,0,0,0,0,0,0,0,0,0,0,0,0,0,0,0,0,0,0,0,0,0,0,0,0,0,0,0,0,0,0,0,0,0,0,0,0,0,0,0,0,0,0,0,0,0,0,0,0,0,0,0,0,0,0,0,0,0,0,0,0,0,0,0,0,0,0,0,0,0,0,0,0,0,0,0,0,0,0,0,0,0,0,0,0,0,0,0,0,0,0,0,0,0,0,0,0,0,0,0,0,0,0,0,0,0,0,0,0,0,0,0,0,0,0,0,0,0,0,0,0,0,0,0,0,0,0,0,0,0,0,0,0,0,0,0,0,0,0,35298

2016/07/28,20:48:03.56,1186,PbP,1370,2192,1968,2091,102,104,2093,2362,45,3,104,1052,3,102,0,0,0,0,0,0,0,0,0,0,0,0,0,0,0,0,0,0,0,0,0,0,0,0,0,0,0,0,0,1,59,3802,68095715,136384227,204721892,272932581,341372658,409403126,477863666,546234098,614141667,682659546,750747330,819166898,887500459,955653779,1024016016,1091706506,1159679619,1228738190,1296846473,1365360261,1433099919,1501388429,1569705612,1637953175,1706405528,1774517906,1842867882,1911156404,1979600551,2047557301,2115735225,2183773874,2252504758,2320826033,2389049002,2457341625,2525073076,2593717936,2661932717,2730708652,2798636711,2866966180,2935275162,3003526802,3071766168,3139858066,3208609421,3276828306,3345133202,3413065367,3481239192,3549818516,3618188954,3686481579,3754569387,3822726831,3891470008,3959598790,4027653838,0,0,0,0,0,0,0,0,0,0,0,0,0,0,0,0,0,0,0,0,0,0,0,0,0,0,0,0,0,0,0,0,0,0,0,0,0,0,0,0,0,0,0,0,0,0,0,0,0,0,0,0,0,0,0,0,0,0,0,0,0,0,0,0,0,0,0,0,0,0,0,0,0,0,0,0,0,0,0,0,0,0,0,0,0,0,0,0,0,0,0,0,0,0,0,0,0,0,0,0,0,0,0,0,0,0,0,0,0,0,0,0,0,0,0,0,0,0,0,0,0,0,0,0,0,0,0,0,0,0,0,0,0,0,0,0,0,0,0,0,0,0,0,0,0,0,0,0,0,0,0,0,0,0,0,0,0,0,0,0,0,0,0,0,0,0,0,0,0,0,0,0,0,0,0,0,0,0,0,0,0,0,0,0,0,0,0,0,0,0,0,0,0,0,0,0,33806

2016/07/28,20:48:04.56,1186,PbP,1370,2203,1968,2090,102,104,2093,2362,43,3,104,1053,3,102,0,0,0,0,0,0,0,0,0,0,0,0,0,0,0,0,0,0,0,0,0,0,0,0,0,0,0,0,0,16,44,3778,67677905,136150742,204218076,272637664,340958946,409288417,477314795,545717996,613703405,682114799,750206714,818413315,887021310,954969868,1023536904,1091657482,1159618323,1228205839,1296682763,1364578058,1432735492,1501007629,1569382151,1637691138,1706082048,1774100240,1842827019,1910935304,1979252483,2047192846,2115751692,2183491338,2251968256,2320367355,2388446958,2456870633,2525515474,2593054409,2661449381,2730385044,2798411407,2866880131,2934591106,3003203201,3071434368,3139686010,3208003196,3275898495,3344907897,3413122685,3480727164,3549560442,3617484412,3685879417,3754454652,3821817470,3891060349,3959074445,4027530889,0,0,0,0,0,0,0,0,0,0,0,0,0,0,0,0,0,0,0,0,0,0,0,0,0,0,0,0,0,0,0,0,0,0,0,0,0,0,0,0,0,0,0,0,0,0,0,0,0,0,0,0,0,0,0,0,0,0,0,0,0,0,0,0,0,0,0,0,0,0,0,0,0,0,0,0,0,0,0,0,0,0,0,0,0,0,0,0,0,0,0,0,0,0,0,0,0,0,0,0,0,0,0,0,0,0,0,0,0,0,0,0,0,0,0,0,0,0,0,0,0,0,0,0,0,0,0,0,0,0,0,0,0,0,0,0,0,0,0,0,0,0,0,0,0,0,0,0,0,0,0,0,0,0,0,0,0,0,0,0,0,0,0,0,0,0,0,0,0,0,0,0,0,0,0,0,0,0,0,0,0,0,0,0,0,0,0,0,0,0,0,0,0,0,0,0,31085

2016/07/28,20:48:05.56,1186,PbP,1369,2188,1968,2090,102,104,2093,2362,43,3,104,1048,3,102,0,0,0,0,0,0,0,0,0,0,0,0,0,0,0,0,0,0,0,0,0,0,0,0,0,0,0,0,0,16,44,3726,68353691,136355480,204385945,273256101,341421729,409706149,477830838,546254514,614305458,682634955,750931658,818921161,887439056,955985621,1024233176,1092017879,1160564435,1228418783,1297022686,1365360344,1433808612,1501761241,1570377428,1638469349,1706671836,1774558923,1843101400,1911459534,1980210888,2048036546,2116296372,2184724142,2253287088,2321247905,2389638808,2457562779,2525920924,2593967766,2662829710,2730786444,2798788242,2867261076,2935688841,3003661885,3072065095,3140390462,3208416866,3276557887,3345120836,3413655142,3481095749,3549679197,3618262635,3686223468,3754405456,3822808659,3891555935,3959062125,4027395692,0,0,0,0,0,0,0,0,0,0,0,0,0,0,0,0,0,0,0,0,0,0,0,0,0,0,0,0,0,0,0,0,0,0,0,0,0,0,0,0,0,0,0,0,0,0,0,0,0,0,0,0,0,0,0,0,0,0,0,0,0,0,0,0,0,0,0,0,0,0,0,0,0,0,0,0,0,0,0,0,0,0,0,0,0,0,0,0,0,0,0,0,0,0,0,0,0,0,0,0,0,0,0,0,0,0,0,0,0,0,0,0,0,0,0,0,0,0,0,0,0,0,0,0,0,0,0,0,0,0,0,0,0,0,0,0,0,0,0,0,0,0,0,0,0,0,0,0,0,0,0,0,0,0,0,0,0,0,0,0,0,0,0,0,0,0,0,0,0,0,0,0,0,0,0,0,0,0,0,0,0,0,0,0,0,0,0,0,0,0,0,0,0,0,0,0,32953

2016/07/28,20:48:06.56,1186,PbP,1366,2162,1968,2089,102,104,2093,2362,45,4,104,1059,3,102,0,0,0,0,0,0,0,0,0,0,0,0,0,0,0,0,0,0,0,0,0,0,0,0,0,0,0,0,0,12,48,3739,68050591,136486573,204394147,272694981,341036739,409317063,477822673,545783507,614112975,682135250,750612178,818704079,886853329,955379386,1023545016,1092263630,1160429262,1228111562,1296912081,1365245647,1433210568,1501343432,1570111180,1638248138,1706249938,1775021779,1843224277,1910775512,1979277016,2047905497,2115976907,2183696068,2252500664,2321043109,2388942486,2457407108,2525970026,2593988197,2662084194,2730712671,2798231141,2866703968,2935377507,3003186791,3071307364,3139870316,3208494720,3276492424,3344776856,3412725406,3481423518,3549540008,3617631917,3686125234,3754229424,3822329524,3890736826,3959062204,4027649721,0,0,0,0,0,0,0,0,0,0,0,0,0,0,0,0,0,0,0,0,0,0,0,0,0,0,0,0,0,0,0,0,0,0,0,0,0,0,0,0,0,0,0,0,0,0,0,0,0,0,0,0,0,0,0,0,0,0,0,0,0,0,0,0,0,0,0,0,0,0,0,0,0,0,0,0,0,0,0,0,0,0,0,0,0,0,0,0,0,0,0,0,0,0,0,0,0,0,0,0,0,0,0,0,0,0,0,0,0,0,0,0,0,0,0,0,0,0,0,0,0,0,0,0,0,0,0,0,0,0,0,0,0,0,0,0,0,0,0,0,0,0,0,0,0,0,0,0,0,0,0,0,0,0,0,0,0,0,0,0,0,0,0,0,0,0,0,0,0,0,0,0,0,0,0,0,0,0,0,0,0,0,0,0,0,0,0,0,0,0,0,0,0,0,0,0,34243

2016/07/28,20:48:07.56,1186,PbP,1365,2162,1968,2088,102,104,2093,2362,48,3,104,1063,3,102,0,0,0,0,0,0,0,0,0,0,0,0,0,0,0,0,0,0,0,0,0,0,0,0,0,0,0,0,0,0,60,3766,68374198,136347329,204955326,273170108,341106364,409583304,477818567,545775298,614137539,682684101,750767799,818609858,887467715,955752124,1023590075,1091870392,1160416947,1228336820,1296785074,1365270199,1433456317,1501929151,1569889980,1638284975,1706495661,1774571194,1842818743,1911533232,1979567786,2047532725,2115751601,2184609457,2252635826,2320719532,2389155512,2457370291,2525359791,2593382064,2661887661,2730446514,2798505642,2866990768,2935086779,3003793070,3072147123,3139583672,3207810734,3276345011,3345092267,3413208749,3481648819,3549425331,3617758896,3686035121,3754634935,3822816945,3891019449,3959340735,4028026551,0,0,0,0,0,0,0,0,0,0,0,0,0,0,0,0,0,0,0,0,0,0,0,0,0,0,0,0,0,0,0,0,0,0,0,0,0,0,0,0,0,0,0,0,0,0,0,0,0,0,0,0,0,0,0,0,0,0,0,0,0,0,0,0,0,0,0,0,0,0,0,0,0,0,0,0,0,0,0,0,0,0,0,0,0,0,0,0,0,0,0,0,0,0,0,0,0,0,0,0,0,0,0,0,0,0,0,0,0,0,0,0,0,0,0,0,0,0,0,0,0,0,0,0,0,0,0,0,0,0,0,0,0,0,0,0,0,0,0,0,0,0,0,0,0,0,0,0,0,0,0,0,0,0,0,0,0,0,0,0,0,0,0,0,0,0,0,0,0,0,0,0,0,0,0,0,0,0,0,0,0,0,0,0,0,0,0,0,0,0,0,0,0,0,0,0,35689

2016/07/28,20:48:08.56,1186,PbP,1366,2156,1968,2087,102,104,2093,2362,37,3,104,1021,3,102,0,0,0,0,0,0,0,0,0,0,0,0,0,0,0,0,0,0,0,0,0,0,0,0,0,0,0,0,0,45,15,3766,68693680,136728227,204607111,272985727,341339741,409636439,477675078,546373184,614010438,682196539,750767671,819052086,887041599,955305532,1023708729,1092365879,1160523321,1228688951,1297251901,1365601856,1433677378,1502228027,1570090563,1637846599,1706503752,1774714446,1842720349,1910840919,1979272793,2047716965,2115923544,2184216172,2252263018,2320776795,2389233243,2457468524,2525613661,2593947216,2661867101,2730565219,2798407270,2866708090,2935004783,3003457136,3071757949,3139604095,3207757431,3276357249,3345014416,3413036681,3481448081,3550121620,3618156213,3686112927,3754446487,3822681754,3890974403,3959004876,4027989699,0,0,0,0,0,0,0,0,0,0,0,0,0,0,0,0,0,0,0,0,0,0,0,0,0,0,0,0,0,0,0,0,0,0,0,0,0,0,0,0,0,0,0,0,0,0,0,0,0,0,0,0,0,0,0,0,0,0,0,0,0,0,0,0,0,0,0,0,0,0,0,0,0,0,0,0,0,0,0,0,0,0,0,0,0,0,0,0,0,0,0,0,0,0,0,0,0,0,0,0,0,0,0,0,0,0,0,0,0,0,0,0,0,0,0,0,0,0,0,0,0,0,0,0,0,0,0,0,0,0,0,0,0,0,0,0,0,0,0,0,0,0,0,0,0,0,0,0,0,0,0,0,0,0,0,0,0,0,0,0,0,0,0,0,0,0,0,0,0,0,0,0,0,0,0,0,0,0,0,0,0,0,0,0,0,0,0,0,0,0,0,0,0,0,0,0,30121

2016/07/28,20:48:09.56,1186,PbP,1366,2161,1968,2086,102,104,2093,2361,48,3,104,1081,3,102,0,0,0,0,0,0,0,0,0,0,0,0,0,0,0,0,0,0,0,0,0,0,0,0,0,0,0,0,0,16,44,3738,68624030,136380039,204885679,272711346,341327480,409570985,477773480,545988274,614289010,682503847,750919334,819310193,887078524,955555496,1023954597,1091903086,1160797822,1228680824,1296518830,1364995763,1433132720,1501654703,1569853109,1638354615,1706692285,1774435983,1843035836,1911295688,1979612829,2047692486,2115800782,2184478373,2252586699,2320948939,2388934349,2457214662,2525712026,2594111169,2662252220,2730303161,2798775982,2867064431,2935275165,3003780748,3071876749,3139894913,3208556158,3276643964,3345337969,3413327428,3481378444,3549806218,3618021017,3686489716,3754659499,3822890674,3891355263,3959205508,4027285190,0,0,0,0,0,0,0,0,0,0,0,0,0,0,0,0,0,0,0,0,0,0,0,0,0,0,0,0,0,0,0,0,0,0,0,0,0,0,0,0,0,0,0,0,0,0,0,0,0,0,0,0,0,0,0,0,0,0,0,0,0,0,0,0,0,0,0,0,0,0,0,0,0,0,0,0,0,0,0,0,0,0,0,0,0,0,0,0,0,0,0,0,0,0,0,0,0,0,0,0,0,0,0,0,0,0,0,0,0,0,0,0,0,0,0,0,0,0,0,0,0,0,0,0,0,0,0,0,0,0,0,0,0,0,0,0,0,0,0,0,0,0,0,0,0,0,0,0,0,0,0,0,0,0,0,0,0,0,0,0,0,0,0,0,0,0,0,0,0,0,0,0,0,0,0,0,0,0,0,0,0,0,0,0,0,0,0,0,0,0,0,0,0,0,0,0,32748

2016/07/28,20:48:10.56,1186,PbP,1367,2174,1968,2085,102,104,2093,2361,52,4,104,1043,3,102,0,0,0,0,0,0,0,0,0,0,0,0,0,0,0,0,0,0,0,0,0,0,0,0,0,0,0,0,0,13,30,3785,68390597,136584914,204955302,273403608,341741262,409259724,477777615,546217682,614297298,682372819,750526158,819117778,887795406,955571932,1023889086,1092230831,1160564369,1228746376,1297141360,1365118543,1433509447,1501933120,1569783374,1638346303,2867129947,2935639618,3003539016,3072282184,3140009555,3208756825,3277024875,3344981668,3412848307,3481624264,3549253306,3617853136,3686268617,3754315498,3822730958,3891306188,3958882007,4027473621,0,0,0,0,0,0,0,0,0,0,0,0,0,0,0,0,0,0,0,0,0,0,0,0,0,0,0,0,0,0,0,0,0,0,0,0,0,0,0,0,0,0,0,0,0,0,0,0,0,0,0,0,0,0,0,0,0,0,0,0,0,0,0,0,0,0,0,0,0,0,0,0,0,0,0,0,0,0,0,0,0,0,0,0,0,0,0,0,0,0,0,0,0,0,0,0,0,0,0,0,0,0,0,0,0,0,0,0,0,0,0,0,0,0,0,0,0,0,0,0,0,0,0,0,0,0,0,0,0,0,0,0,0,0,0,0,0,0,0,0,0,0,0,0,0,0,0,0,0,0,0,0,0,0,0,0,0,0,0,0,0,0,0,0,0,0,0,0,0,0,0,0,0,0,0,0,0,0,0,0,0,0,0,0,0,0,0,0,0,0,0,0,0,0,0,0,0,0,0,0,0,0,0,0,0,0,0,0,0,0,0,0,0,23795

2016/07/28,20:48:11.56,1186,PbP,1368,2182,1968,2085,102,104,2093,2361,47,3,104,1067,3,102,0,0,0,0,0,0,0,0,0,0,0,0,0,0,0,0,0,0,0,0,0,0,0,0,0,0,0,0,0,0,60,3797,68259525,136167119,205106889,272809648,341274287,409804470,477433507,545836698,613994148,682475147,750653093,818904776,887291590,955305683,1023770343,1091964656,1160122072,1228988134,1296977626,1364979426,1433530073,1502244560,1569869527,1638223585,1706737372,1774903006,1842810596,1911508687,1979449047,2047663841,2115776229,2184167146,2252394219,2320871149,2389241566,2457112295,2525355765,2593754857,2662026985,2729971406,2798837449,2866507476,2935197390,3003256536,3071577823,3139862240,3207900876,3276553955,3344494303,3412725454,3481325279,3549626092,3617820397,3685916406,3754065656,3822444277,3891109620,3958918896,4027436780,0,0,0,0,0,0,0,0,0,0,0,0,0,0,0,0,0,0,0,0,0,0,0,0,0,0,0,0,0,0,0,0,0,0,0,0,0,0,0,0,0,0,0,0,0,0,0,0,0,0,0,0,0,0,0,0,0,0,0,0,0,0,0,0,0,0,0,0,0,0,0,0,0,0,0,0,0,0,0,0,0,0,0,0,0,0,0,0,0,0,0,0,0,0,0,0,0,0,0,0,0,0,0,0,0,0,0,0,0,0,0,0,0,0,0,0,0,0,0,0,0,0,0,0,0,0,0,0,0,0,0,0,0,0,0,0,0,0,0,0,0,0,0,0,0,0,0,0,0,0,0,0,0,0,0,0,0,0,0,0,0,0,0,0,0,0,0,0,0,0,0,0,0,0,0,0,0,0,0,0,0,0,0,0,0,0,0,0,0,0,0,0,0,0,0,0,37521

2016/07/28,20:48:12.56,1186,PbP,1369,2190,1968,2084,102,104,2093,2361,43,3,104,1078,3,102,0,0,0,0,0,0,0,0,0,0,0,0,0,0,0,0,0,0,0,0,0,0,0,0,0,0,0,0,0,0,60,3817,68472541,136494818,204906207,273067741,341561051,409882320,477863623,545984200,614702786,683159234,751013559,819523251,887479985,955862684,1024093849,1091874460,1160367777,1228893852,1297051291,1365663387,1433714350,1501716144,1570266805,1638334147,1706684101,1774862027,1843236558,1911271130,1979674333,2047876843,2116452063,2184605432,2253082342,2320670438,2389348052,2457485001,2525896381,2593820338,2662543006,2730626719,2798980760,2867424917,2935471776,3003514526,3071975069,3140013736,3208220340,3276598973,3344789199,3412893390,3481534171,3549671143,3618045668,3686047471,3754589943,3822890749,3891363574,3959340786,4027461361,0,0,0,0,0,0,0,0,0,0,0,0,0,0,0,0,0,0,0,0,0,0,0,0,0,0,0,0,0,0,0,0,0,0,0,0,0,0,0,0,0,0,0,0,0,0,0,0,0,0,0,0,0,0,0,0,0,0,0,0,0,0,0,0,0,0,0,0,0,0,0,0,0,0,0,0,0,0,0,0,0,0,0,0,0,0,0,0,0,0,0,0,0,0,0,0,0,0,0,0,0,0,0,0,0,0,0,0,0,0,0,0,0,0,0,0,0,0,0,0,0,0,0,0,0,0,0,0,0,0,0,0,0,0,0,0,0,0,0,0,0,0,0,0,0,0,0,0,0,0,0,0,0,0,0,0,0,0,0,0,0,0,0,0,0,0,0,0,0,0,0,0,0,0,0,0,0,0,0,0,0,0,0,0,0,0,0,0,0,0,0,0,0,0,0,0,36634

2016/07/28,20:48:13.56,1186,PbP,1368,2198,1968,2083,102,104,2093,2361,51,3,104,1076,3,102,0,0,0,0,0,0,0,0,0,0,0,0,0,0,0,0,0,0,0,0,0,0,0,0,0,0,0,0,0,0,60,3816,68529889,136785635,205516517,273567454,342048467,409956054,478301918,546479829,615169745,683101917,751570650,819420893,888102625,955932378,1024224994,1092296430,1160945387,1229016800,1297235689,1365536493,1433689840,1501896426,1570516705,1638719212,1706659554,1775111902,1843511007,1911434974,1979813611,2048360165,2116746984,2184703727,2252705521,2321649389,2389831417,2457935614,2526441220,2594250485,2662579948,2731060959,2799308508,2867392212,2935602897,3003948737,3072544457,3140607667,3209133742,3277156021,3345477292,3413548711,3482156719,3550166695,3618397859,3686842031,3754782373,3823091357,3891695260,3960270489,4027924124,0,0,0,0,0,0,0,0,0,0,0,0,0,0,0,0,0,0,0,0,0,0,0,0,0,0,0,0,0,0,0,0,0,0,0,0,0,0,0,0,0,0,0,0,0,0,0,0,0,0,0,0,0,0,0,0,0,0,0,0,0,0,0,0,0,0,0,0,0,0,0,0,0,0,0,0,0,0,0,0,0,0,0,0,0,0,0,0,0,0,0,0,0,0,0,0,0,0,0,0,0,0,0,0,0,0,0,0,0,0,0,0,0,0,0,0,0,0,0,0,0,0,0,0,0,0,0,0,0,0,0,0,0,0,0,0,0,0,0,0,0,0,0,0,0,0,0,0,0,0,0,0,0,0,0,0,0,0,0,0,0,0,0,0,0,0,0,0,0,0,0,0,0,0,0,0,0,0,0,0,0,0,0,0,0,0,0,0,0,0,0,0,0,0,0,0,36283

2016/07/28,20:48:14.56,1186,PbP,1364,2139,1968,2082,102,104,2093,2361,41,3,104,1065,3,102,0,0,0,0,0,0,0,0,0,0,0,0,0,0,0,0,0,0,0,0,0,0,0,0,0,0,0,0,0,4,56,3750,67718806,136543901,204680866,272813654,341737067,409644660,477245052,545840790,613957275,682368697,750698154,818626255,887140042,955338430,1023758009,1091661499,1160113867,1228279493,1296793269,1365253829,1433280167,1501691582,1569214127,1637912260,1706737334,1774403275,1843130043,1911254736,1979559630,2047721150,2115600052,2184339126,2252390056,2321039016,2389012142,2457575075,2525621957,2593857229,2662391500,2730159804,2798464724,2867052243,2935328457,3003616965,3071241913,3139772079,3208732351,3276246715,3344830137,3413315260,3481726624,3550043822,3617898163,3686248119,3754319540,3822677687,3890880173,3959643824,4027674302,0,0,0,0,0,0,0,0,0,0,0,0,0,0,0,0,0,0,0,0,0,0,0,0,0,0,0,0,0,0,0,0,0,0,0,0,0,0,0,0,0,0,0,0,0,0,0,0,0,0,0,0,0,0,0,0,0,0,0,0,0,0,0,0,0,0,0,0,0,0,0,0,0,0,0,0,0,0,0,0,0,0,0,0,0,0,0,0,0,0,0,0,0,0,0,0,0,0,0,0,0,0,0,0,0,0,0,0,0,0,0,0,0,0,0,0,0,0,0,0,0,0,0,0,0,0,0,0,0,0,0,0,0,0,0,0,0,0,0,0,0,0,0,0,0,0,0,0,0,0,0,0,0,0,0,0,0,0,0,0,0,0,0,0,0,0,0,0,0,0,0,0,0,0,0,0,0,0,0,0,0,0,0,0,0,0,0,0,0,0,0,0,0,0,0,0,33661

2016/07/28,20:48:15.56,1186,PbP,1365,2155,1968,2081,102,104,2093,2361,49,3,104,1078,3,102,0,0,0,0,0,0,0,0,0,0,0,0,0,0,0,0,0,0,0,0,0,0,0,0,0,0,0,0,0,0,60,3766,67800757,136126138,204295843,272846530,341405371,409394877,477966015,545709763,614129343,682155715,750333633,818921139,886783693,955272898,1023397578,1091882701,1159798476,1228455630,1296781004,1364606670,1433165526,1501695701,1569672910,1638170320,1706491599,1774333632,1842441928,1911242432,1979100858,2047844021,2116079265,2184404647,2252418728,2320883367,2388852391,2456977066,2525630113,2593832616,2662039211,2730204848,2798710458,2867113660,2935185093,3003399881,3071807180,3139817172,3208335063,3276222168,3344830169,3412848343,3481157334,3549712078,3618000587,3685715658,3754065615,3822120664,3890818781,3958828756,4027420383,0,0,0,0,0,0,0,0,0,0,0,0,0,0,0,0,0,0,0,0,0,0,0,0,0,0,0,0,0,0,0,0,0,0,0,0,0,0,0,0,0,0,0,0,0,0,0,0,0,0,0,0,0,0,0,0,0,0,0,0,0,0,0,0,0,0,0,0,0,0,0,0,0,0,0,0,0,0,0,0,0,0,0,0,0,0,0,0,0,0,0,0,0,0,0,0,0,0,0,0,0,0,0,0,0,0,0,0,0,0,0,0,0,0,0,0,0,0,0,0,0,0,0,0,0,0,0,0,0,0,0,0,0,0,0,0,0,0,0,0,0,0,0,0,0,0,0,0,0,0,0,0,0,0,0,0,0,0,0,0,0,0,0,0,0,0,0,0,0,0,0,0,0,0,0,0,0,0,0,0,0,0,0,0,0,0,0,0,0,0,0,0,0,0,0,0,35367

2016/07/28,20:48:16.56,1186,PbP,1365,2161,1968,2081,102,104,2093,2361,49,4,104,1070,3,102,0,0,0,0,0,0,0,0,0,0,0,0,0,0,0,0,0,0,0,0,0,0,0,0,0,0,0,0,0,17,43,3807,68198101,136224466,204771022,272871109,341171912,409792199,477712074,546123457,614497980,682340039,750345931,818945745,887529160,955510481,1023807183,1091870425,1160339159,1228672736,1296998109,1364831966,1433661153,1501490910,1569926880,1638354632,1706319555,1774522064,1843023569,1911267021,1979379407,2048265938,2115669715,2184142548,2252410581,2320805575,2389200576,2457374404,2525597370,2593812150,2662108844,2730544797,2798452378,2866863764,2934865528,3003117161,3071766115,3139653210,3208121940,3276496458,3344596550,3412172362,3480976973,3549814356,3617439321,3685994068,3754028650,3822726771,3890617965,3958705789,4027293310,0,0,0,0,0,0,0,0,0,0,0,0,0,0,0,0,0,0,0,0,0,0,0,0,0,0,0,0,0,0,0,0,0,0,0,0,0,0,0,0,0,0,0,0,0,0,0,0,0,0,0,0,0,0,0,0,0,0,0,0,0,0,0,0,0,0,0,0,0,0,0,0,0,0,0,0,0,0,0,0,0,0,0,0,0,0,0,0,0,0,0,0,0,0,0,0,0,0,0,0,0,0,0,0,0,0,0,0,0,0,0,0,0,0,0,0,0,0,0,0,0,0,0,0,0,0,0,0,0,0,0,0,0,0,0,0,0,0,0,0,0,0,0,0,0,0,0,0,0,0,0,0,0,0,0,0,0,0,0,0,0,0,0,0,0,0,0,0,0,0,0,0,0,0,0,0,0,0,0,0,0,0,0,0,0,0,0,0,0,0,0,0,0,0,0,0,34459

2016/07/28,20:48:17.56,1186,PbP,1365,2163,1968,2080,102,104,2093,2361,46,3,104,1068,3,102,0,0,0,0,0,0,0,0,0,0,0,0,0,0,0,0,0,0,0,0,0,0,0,0,0,0,0,0,0,1,59,3708,68476569,136818322,204885653,273104532,341769885,409763500,477990556,546381490,614842051,682917571,751140545,819322564,887668437,955698898,1024036562,1092337357,1160851133,1229164212,1297108648,1365675693,1433624234,1501941416,1570176681,1638551205,1706700463,1774911159,1843453635,1911430854,1979592401,2048057041,2116513494,2184347338,2252922563,2321047229,2389589693,2457915075,2526203574,2594418363,2662653633,2730569407,2799242943,2867494590,2935664317,3003879106,3072331462,3140517577,3208429256,3277057742,3345084116,3413376714,3481665238,3550240461,3618340558,3686612688,3754610365,3823455940,3891302089,3959414460,4027965111,0,0,0,0,0,0,0,0,0,0,0,0,0,0,0,0,0,0,0,0,0,0,0,0,0,0,0,0,0,0,0,0,0,0,0,0,0,0,0,0,0,0,0,0,0,0,0,0,0,0,0,0,0,0,0,0,0,0,0,0,0,0,0,0,0,0,0,0,0,0,0,0,0,0,0,0,0,0,0,0,0,0,0,0,0,0,0,0,0,0,0,0,0,0,0,0,0,0,0,0,0,0,0,0,0,0,0,0,0,0,0,0,0,0,0,0,0,0,0,0,0,0,0,0,0,0,0,0,0,0,0,0,0,0,0,0,0,0,0,0,0,0,0,0,0,0,0,0,0,0,0,0,0,0,0,0,0,0,0,0,0,0,0,0,0,0,0,0,0,0,0,0,0,0,0,0,0,0,0,0,0,0,0,0,0,0,0,0,0,0,0,0,0,0,0,0,36568

2016/07/28,20:48:18.56,1186,PbP,1365,2157,1968,2079,102,104,2093,2361,37,3,104,1041,3,102,0,0,0,0,0,0,0,0,0,0,0,0,0,0,0,0,0,0,0,0,0,0,0,0,0,0,0,0,0,48,12,3780,68685507,136584882,204295853,273415841,341458596,409165471,477908616,545705600,614424191,682851964,750472811,819306079,887352921,955379286,1023462994,1092042328,1160478287,1228852823,1296744023,1365409366,1433570893,1501802070,1569828435,1638178380,1706409540,1774521921,1842974272,1911443003,1979506229,2048114233,2116161077,2184388144,2252873272,2321436217,2389380660,2457710144,2526182976,2594111040,2662047298,2730810947,2798898753,2867383874,2935348794,3003698746,3071946301,3140214324,3208175166,3277000255,3344735803,3413147209,3481640522,3549453904,3618168418,3686202997,3754356355,3822796447,3890941621,3958910650,4027485895,0,0,0,0,0,0,0,0,0,0,0,0,0,0,0,0,0,0,0,0,0,0,0,0,0,0,0,0,0,0,0,0,0,0,0,0,0,0,0,0,0,0,0,0,0,0,0,0,0,0,0,0,0,0,0,0,0,0,0,0,0,0,0,0,0,0,0,0,0,0,0,0,0,0,0,0,0,0,0,0,0,0,0,0,0,0,0,0,0,0,0,0,0,0,0,0,0,0,0,0,0,0,0,0,0,0,0,0,0,0,0,0,0,0,0,0,0,0,0,0,0,0,0,0,0,0,0,0,0,0,0,0,0,0,0,0,0,0,0,0,0,0,0,0,0,0,0,0,0,0,0,0,0,0,0,0,0,0,0,0,0,0,0,0,0,0,0,0,0,0,0,0,0,0,0,0,0,0,0,0,0,0,0,0,0,0,0,0,0,0,0,0,0,0,0,0,29844

2016/07/28,20:48:19.56,1186,PbP,1366,2167,1968,2078,102,104,2093,2361,52,3,104,1083,3,102,0,0,0,0,0,0,0,0,0,0,0,0,0,0,0,0,0,0,0,0,0,0,0,0,0,0,0,0,0,9,51,3780,68296386,136556227,204947124,273198772,341298860,409411232,477896362,546090652,614723224,682327686,750341762,818736754,887324251,955424359,1023598183,1091903069,1160400474,1229069933,1297190510,1365405318,1433763468,1501654675,1570459292,1638145692,1706745501,1775103653,1842937510,1911496367,1979743914,2047880879,2116181686,2184093360,2252766901,2321153727,2389171896,2457501375,2525511367,2594160331,2662321867,2730872523,2798472911,2867113672,2935283397,3003698887,3071610569,3140243139,3208613565,3276992184,3344662195,3413032627,3481333420,3549937323,3617738409,3686276777,3754426037,3822931622,3891261109,3959205559,4027907775,0,0,0,0,0,0,0,0,0,0,0,0,0,0,0,0,0,0,0,0,0,0,0,0,0,0,0,0,0,0,0,0,0,0,0,0,0,0,0,0,0,0,0,0,0,0,0,0,0,0,0,0,0,0,0,0,0,0,0,0,0,0,0,0,0,0,0,0,0,0,0,0,0,0,0,0,0,0,0,0,0,0,0,0,0,0,0,0,0,0,0,0,0,0,0,0,0,0,0,0,0,0,0,0,0,0,0,0,0,0,0,0,0,0,0,0,0,0,0,0,0,0,0,0,0,0,0,0,0,0,0,0,0,0,0,0,0,0,0,0,0,0,0,0,0,0,0,0,0,0,0,0,0,0,0,0,0,0,0,0,0,0,0,0,0,0,0,0,0,0,0,0,0,0,0,0,0,0,0,0,0,0,0,0,0,0,0,0,0,0,0,0,0,0,0,0,34476

2016/07/28,20:48:20.56,1186,PbP,1367,2172,1968,2078,102,104,2093,2361,51,4,104,1057,3,102,0,0,0,0,0,0,0,0,0,0,0,0,0,0,0,0,0,0,0,0,0,0,0,0,0,0,0,0,0,39,21,3777,68464332,136244945,204451537,272805591,341106394,409308875,477642431,546139817,614567566,682454655,750607991,819301992,887234153,955764324,1023802976,1092128352,1160392288,1228566112,1296686696,1365253740,1433099889,1501691530,1569615522,1637805760,1705987797,1774632672,1843310294,1911344844,1979670204,2047991471,2116337311,2184285841,2252705393,2321161824,2388934233,2457288262,2525748801,2594045489,2662161954,2730753571,2798718491,2866597380,2934783477,3003436543,3071634941,3140304368,3208519145,3276197376,3344875019,3413347865,3481570844,3549629995,3618151995,3686338117,3754815039,3822390860,3891002986,3959029354,4027395687,0,0,0,0,0,0,0,0,0,0,0,0,0,0,0,0,0,0,0,0,0,0,0,0,0,0,0,0,0,0,0,0,0,0,0,0,0,0,0,0,0,0,0,0,0,0,0,0,0,0,0,0,0,0,0,0,0,0,0,0,0,0,0,0,0,0,0,0,0,0,0,0,0,0,0,0,0,0,0,0,0,0,0,0,0,0,0,0,0,0,0,0,0,0,0,0,0,0,0,0,0,0,0,0,0,0,0,0,0,0,0,0,0,0,0,0,0,0,0,0,0,0,0,0,0,0,0,0,0,0,0,0,0,0,0,0,0,0,0,0,0,0,0,0,0,0,0,0,0,0,0,0,0,0,0,0,0,0,0,0,0,0,0,0,0,0,0,0,0,0,0,0,0,0,0,0,0,0,0,0,0,0,0,0,0,0,0,0,0,0,0,0,0,0,0,0,32157

2016/07/28,20:48:21.56,1186,PbP,1367,2178,1968,2077,102,104,2093,2361,46,3,104,1082,3,102,0,0,0,0,0,0,0,0,0,0,0,0,0,0,0,0,0,0,0,0,0,0,0,0,0,0,0,0,0,21,39,3706,67776121,136228497,204676767,272518819,341008045,409419443,477572787,545521332,614076083,682450608,750706366,818777782,887467687,955424426,1023655591,1091608221,1160130190,1228537464,1296801407,1365098107,1433321092,1501429376,1569672830,1637924478,1706131076,1774743170,1842757250,1911111314,1979596436,2047639192,2116103839,2183917216,2252324521,2320797365,2389208759,2457079480,2525380289,2593681099,2661805773,2730184407,2798599893,2866867928,2935217888,3003096809,3071430373,3139608281,3208003277,3276160709,3344092850,3413036697,3481058940,3549150838,3617169013,3685641834,3754057318,3822464611,3890986597,3959148128,4027027052,0,0,0,0,0,0,0,0,0,0,0,0,0,0,0,0,0,0,0,0,0,0,0,0,0,0,0,0,0,0,0,0,0,0,0,0,0,0,0,0,0,0,0,0,0,0,0,0,0,0,0,0,0,0,0,0,0,0,0,0,0,0,0,0,0,0,0,0,0,0,0,0,0,0,0,0,0,0,0,0,0,0,0,0,0,0,0,0,0,0,0,0,0,0,0,0,0,0,0,0,0,0,0,0,0,0,0,0,0,0,0,0,0,0,0,0,0,0,0,0,0,0,0,0,0,0,0,0,0,0,0,0,0,0,0,0,0,0,0,0,0,0,0,0,0,0,0,0,0,0,0,0,0,0,0,0,0,0,0,0,0,0,0,0,0,0,0,0,0,0,0,0,0,0,0,0,0,0,0,0,0,0,0,0,0,0,0,0,0,0,0,0,0,0,0,0,33772

2016/07/28,20:48:22.56,1186,PbP,1367,2187,1968,2076,102,104,2093,2361,38,3,104,1056,3,102,0,0,0,0,0,0,0,0,0,0,0,0,0,0,0,0,0,0,0,0,0,0,0,0,0,1,1,0,1,20,35,3686,68009566,136216168,204938852,272637548,341499511,409652859,477838981,546176662,614514341,682897082,751099589,818933456,887529174,955637468,1023991536,1092320999,1160564463,1228865262,1297018596,1365745385,1433784040,1502117612,1570123502,1638678245,1707130601,1774665461,1843470062,1911647983,1980194550,2048331500,2116488938,2184662757,2253115095,2321051348,2389147351,2457689804,2525609655,2594115234,2662334087,2730385012,2798751354,2867162728,2935266926,3003764325,3071684009,3276249645,3344759694,3413626126,3481493095,3549490800,3618082416,3686145649,3754720887,3822866037,3890826883,3959107219,4027854498,0,0,0,0,0,0,0,0,0,0,0,0,0,0,0,0,0,0,0,0,0,0,0,0,0,0,0,0,0,0,0,0,0,0,0,0,0,0,0,0,0,0,0,0,0,0,0,0,0,0,0,0,0,0,0,0,0,0,0,0,0,0,0,0,0,0,0,0,0,0,0,0,0,0,0,0,0,0,0,0,0,0,0,0,0,0,0,0,0,0,0,0,0,0,0,0,0,0,0,0,0,0,0,0,0,0,0,0,0,0,0,0,0,0,0,0,0,0,0,0,0,0,0,0,0,0,0,0,0,0,0,0,0,0,0,0,0,0,0,0,0,0,0,0,0,0,0,0,0,0,0,0,0,0,0,0,0,0,0,0,0,0,0,0,0,0,0,0,0,0,0,0,0,0,0,0,0,0,0,0,0,0,0,0,0,0,0,0,0,0,0,0,0,0,0,0,0,0,32975

2016/07/28,20:48:23.56,1186,PbP,1367,2195,1968,2075,102,104,2093,2361,58,4,104,1073,3,102,0,0,0,0,0,0,0,0,0,0,0,0,0,0,0,0,0,0,0,0,0,0,0,0,0,0,0,0,0,0,60,3786,68263636,136900318,205020910,273751796,341176051,409820907,478564069,546762462,614911707,682979035,751161044,819703497,887840446,956530348,1024478877,1092898458,1161268884,1229266579,1297370771,1365933722,1433988764,1502514845,1570721445,1639046826,1706917549,1775136441,1843601092,1911652032,1979764424,2048171729,2116312781,2184892124,2252386015,2320989924,2389307106,2457808612,2525826787,2594344678,2662252257,2730753760,2799075043,2866892512,2934976232,3003813610,3072216807,3140226786,3208486633,3276570345,3345231583,3413380836,3481747171,3549822705,3618037493,3686756081,3754716912,3823042272,3890908880,3959381710,4027596489,0,0,0,0,0,0,0,0,0,0,0,0,0,0,0,0,0,0,0,0,0,0,0,0,0,0,0,0,0,0,0,0,0,0,0,0,0,0,0,0,0,0,0,0,0,0,0,0,0,0,0,0,0,0,0,0,0,0,0,0,0,0,0,0,0,0,0,0,0,0,0,0,0,0,0,0,0,0,0,0,0,0,0,0,0,0,0,0,0,0,0,0,0,0,0,0,0,0,0,0,0,0,0,0,0,0,0,0,0,0,0,0,0,0,0,0,0,0,0,0,0,0,0,0,0,0,0,0,0,0,0,0,0,0,0,0,0,0,0,0,0,0,0,0,0,0,0,0,0,0,0,0,0,0,0,0,0,0,0,0,0,0,0,0,0,0,0,0,0,0,0,0,0,0,0,0,0,0,0,0,0,0,0,0,0,0,0,0,0,0,0,0,0,0,0,0,36236

2016/07/28,20:48:24.56,1186,PbP,1364,2158,1968,2075,102,104,2093,2361,47,4,104,1062,3,102,0,0,0,0,0,0,0,0,0,0,0,0,0,0,0,0,0,0,0,0,0,0,0,0,0,0,0,0,0,5,55,3769,67808945,136437414,205012629,272449188,341638818,409382550,477953696,545902261,614198962,682446519,751394497,819220169,887279314,955637466,1023684313,1092288214,1160244959,1228123892,1297006313,1365008111,1433300718,1501167314,1569738450,1638039253,1706368720,1774608070,1842605759,1911267005,1979367099,2047815354,2115743414,2184109746,2252328630,2320723639,2388803236,2457128618,2525421218,2593935018,2661785299,2730163891,2798300889,2866818783,2935234270,3003670235,3071643363,3140390624,3208281783,3276648155,3345338067,3413675714,3481677468,3549900468,3618442918,3685965469,3754565250,3822882420,3891076723,3959119467,4027465309,0,0,0,0,0,0,0,0,0,0,0,0,0,0,0,0,0,0,0,0,0,0,0,0,0,0,0,0,0,0,0,0,0,0,0,0,0,0,0,0,0,0,0,0,0,0,0,0,0,0,0,0,0,0,0,0,0,0,0,0,0,0,0,0,0,0,0,0,0,0,0,0,0,0,0,0,0,0,0,0,0,0,0,0,0,0,0,0,0,0,0,0,0,0,0,0,0,0,0,0,0,0,0,0,0,0,0,0,0,0,0,0,0,0,0,0,0,0,0,0,0,0,0,0,0,0,0,0,0,0,0,0,0,0,0,0,0,0,0,0,0,0,0,0,0,0,0,0,0,0,0,0,0,0,0,0,0,0,0,0,0,0,0,0,0,0,0,0,0,0,0,0,0,0,0,0,0,0,0,0,0,0,0,0,0,0,0,0,0,0,0,0,0,0,0,0,35652

2016/07/28,20:48:25.56,1186,PbP,1361,2153,1968,2074,102,104,2093,2361,46,3,104,1034,3,102,0,0,0,0,0,0,0,0,0,0,0,0,0,0,0,0,0,0,0,0,0,0,0,0,0,0,0,0,0,22,23,3679,68103771,136437328,204340820,272649809,340885059,409153094,477290062,545504849,613994065,682737236,750706275,819113575,887287405,955387509,1023917697,1092050573,1160412829,1228578462,1296838308,1365012138,1433607856,1501568687,1569742513,1637957306,1706348227,1774862016,1842777792,1911557824,1979461314,2048052932,2115952315,2184220343,2252754613,2320559801,2388901549,2457231011,2525417119,2593935008,2662121083,2730163818,2798620272,2866454106,2934660694,3003461204,0,0,0,0,0,0,0,0,0,0,0,0,0,0,0,0,0,0,0,0,0,0,0,0,0,0,0,0,0,0,0,0,0,0,0,0,0,0,0,0,0,0,0,0,0,0,0,0,0,0,0,0,0,0,0,0,0,0,0,0,0,0,0,0,0,0,0,0,0,0,0,0,0,0,0,0,0,0,0,0,0,0,0,0,0,0,0,0,0,0,0,0,0,0,0,0,0,0,0,0,0,0,0,0,0,0,0,0,0,0,0,0,0,0,0,0,0,0,0,0,0,0,0,0,0,0,0,0,0,0,0,0,0,0,0,0,0,0,0,0,0,0,0,0,0,0,0,0,0,0,0,0,0,0,0,0,0,0,0,0,0,0,0,0,0,0,0,0,0,0,0,0,0,0,0,0,0,0,0,0,0,0,0,0,0,0,0,0,0,0,0,0,0,0,0,0,0,0,0,0,0,0,0,0,0,0,0,0,0,0,0,23284

2016/07/28,20:48:26.56,1186,PbP,1362,2157,1968,2073,102,104,2093,2361,46,3,104,1049,3,102,0,0,0,0,0,0,0,0,0,0,0,0,0,0,0,0,0,0,0,0,0,0,0,0,0,0,0,0,0,19,36,3659,68492869,136449613,205110866,273247837,341454444,409988721,478117519,546983580,614764208,683101888,751500990,819326687,888069851,955993819,1024462560,1092783838,1160875740,1228926689,1297575639,1365540575,1433607901,1502338784,1570197216,1639022304,1706819299,1775206113,1843232477,1911594706,1979629249,2048044727,2116456113,2184425127,2253561485,2320993912,2389618296,2457902709,2525982313,2594410080,2662702687,2730528346,2798730848,2867031648,2935832165,3003874922,3071647355,3139759754,3208154792,3276136128,3344678624,3412635362,3481247450,3549531859,3617713849,3685744293,0,0,0,0,0,0,0,0,0,0,0,0,0,0,0,0,0,0,0,0,0,0,0,0,0,0,0,0,0,0,0,0,0,0,0,0,0,0,0,0,0,0,0,0,0,0,0,0,0,0,0,0,0,0,0,0,0,0,0,0,0,0,0,0,0,0,0,0,0,0,0,0,0,0,0,0,0,0,0,0,0,0,0,0,0,0,0,0,0,0,0,0,0,0,0,0,0,0,0,0,0,0,0,0,0,0,0,0,0,0,0,0,0,0,0,0,0,0,0,0,0,0,0,0,0,0,0,0,0,0,0,0,0,0,0,0,0,0,0,0,0,0,0,0,0,0,0,0,0,0,0,0,0,0,0,0,0,0,0,0,0,0,0,0,0,0,0,0,0,0,0,0,0,0,0,0,0,0,0,0,0,0,0,0,0,0,0,0,0,0,0,0,0,0,0,0,0,0,0,0,0,31501

2016/07/28,20:48:27.56,1186,PbP,1363,2160,1968,2073,102,104,2093,2361,46,4,104,1067,3,102,0,0,0,0,0,0,0,0,0,0,0,0,0,0,0,0,0,0,0,0,0,0,0,0,0,0,0,0,0,2,58,3745,68542101,136838794,205090423,273645186,341638802,410050221,478895781,546750123,615120583,683359951,751935189,819871457,887828195,956698346,1024478945,1092775656,1161408224,1228721888,1297391335,1365569250,1433595612,1501798119,1570193117,1637994195,1706303196,1774477004,1843003074,1911561936,1979674299,2047913649,2115964609,2184101562,2252963509,2321092275,2389196469,2457902776,2526375622,2594463415,2662510277,2730954441,2799390397,2867637955,2935774918,3004952262,3072863947,3141316294,3209658062,3277438679,3345919707,3414175454,3482357466,3550326493,3618311900,3686387417,3755155156,3822866134,3890986691,3959283387,4027674277,0,0,0,0,0,0,0,0,0,0,0,0,0,0,0,0,0,0,0,0,0,0,0,0,0,0,0,0,0,0,0,0,0,0,0,0,0,0,0,0,0,0,0,0,0,0,0,0,0,0,0,0,0,0,0,0,0,0,0,0,0,0,0,0,0,0,0,0,0,0,0,0,0,0,0,0,0,0,0,0,0,0,0,0,0,0,0,0,0,0,0,0,0,0,0,0,0,0,0,0,0,0,0,0,0,0,0,0,0,0,0,0,0,0,0,0,0,0,0,0,0,0,0,0,0,0,0,0,0,0,0,0,0,0,0,0,0,0,0,0,0,0,0,0,0,0,0,0,0,0,0,0,0,0,0,0,0,0,0,0,0,0,0,0,0,0,0,0,0,0,0,0,0,0,0,0,0,0,0,0,0,0,0,0,0,0,0,0,0,0,0,0,0,0,0,0,36186

2016/07/28,20:48:28.56,1186,PbP,1364,2154,1968,2072,102,104,2093,2361,50,3,104,1033,3,102,0,0,0,0,0,0,0,0,0,0,0,0,0,0,0,0,0,0,0,0,0,0,0,0,0,0,0,0,0,24,21,3734,67767950,136355451,205041270,273067629,341483105,409661029,478019171,546631254,614379098,682696282,751078996,819207758,887877196,955485775,1023925839,1092496974,2184789577,2253090376,2320674373,2389159493,2457574992,2525974107,2594020962,2662194802,2730471042,2799083175,2867031739,2935447228,3003776707,3072093894,3140656840,3208273601,3276508867,3345383094,3413634733,3482168997,3549769380,3618729638,3686452895,3754737307,3823308446,3891355293,3959672483,4028300962,0,0,0,0,0,0,0,0,0,0,0,0,0,0,0,0,0,0,0,0,0,0,0,0,0,0,0,0,0,0,0,0,0,0,0,0,0,0,0,0,0,0,0,0,0,0,0,0,0,0,0,0,0,0,0,0,0,0,0,0,0,0,0,0,0,0,0,0,0,0,0,0,0,0,0,0,0,0,0,0,0,0,0,0,0,0,0,0,0,0,0,0,0,0,0,0,0,0,0,0,0,0,0,0,0,0,0,0,0,0,0,0,0,0,0,0,0,0,0,0,0,0,0,0,0,0,0,0,0,0,0,0,0,0,0,0,0,0,0,0,0,0,0,0,0,0,0,0,0,0,0,0,0,0,0,0,0,0,0,0,0,0,0,0,0,0,0,0,0,0,0,0,0,0,0,0,0,0,0,0,0,0,0,0,0,0,0,0,0,0,0,0,0,0,0,0,0,0,0,0,0,0,0,0,0,0,0,0,0,0,0,25185

2016/07/28,20:48:29.56,1186,PbP,1364,2156,1968,2072,102,104,2093,2361,46,3,104,1071,3,102,0,0,0,0,0,0,0,0,0,0,0,0,0,0,0,0,0,0,0,0,0,0,0,0,0,0,0,0,0,8,52,3751,68279980,137064115,205160126,273493698,340967120,410054349,477990603,546422474,614362829,682872506,751083189,819334843,887365312,955576002,1024323267,1092275909,1160978127,1228627663,1297329870,1365552847,1433759436,1502142152,1570213566,1638858441,1706917575,1774812857,1842994873,1911439036,1979838134,2048048822,2116452017,2184523430,2252881572,2321002144,2389421710,2457857679,2526039683,2593881726,2662317688,2730581615,2799337071,2867560064,2935291507,3003625080,3071860360,3139841671,3208089242,3276373659,3344830112,3412782757,3481063084,3549626038,3617906358,3686198977,3754127054,3822874322,3890814676,3959656141,4027498185,0,0,0,0,0,0,0,0,0,0,0,0,0,0,0,0,0,0,0,0,0,0,0,0,0,0,0,0,0,0,0,0,0,0,0,0,0,0,0,0,0,0,0,0,0,0,0,0,0,0,0,0,0,0,0,0,0,0,0,0,0,0,0,0,0,0,0,0,0,0,0,0,0,0,0,0,0,0,0,0,0,0,0,0,0,0,0,0,0,0,0,0,0,0,0,0,0,0,0,0,0,0,0,0,0,0,0,0,0,0,0,0,0,0,0,0,0,0,0,0,0,0,0,0,0,0,0,0,0,0,0,0,0,0,0,0,0,0,0,0,0,0,0,0,0,0,0,0,0,0,0,0,0,0,0,0,0,0,0,0,0,0,0,0,0,0,0,0,0,0,0,0,0,0,0,0,0,0,0,0,0,0,0,0,0,0,0,0,0,0,0,0,0,0,0,0,35424

2016/07/28,20:48:30.56,1186,PbP,1365,2160,1968,2071,102,104,2093,2361,47,4,104,1066,3,102,0,0,0,0,0,0,0,0,0,0,0,0,0,0,0,0,0,0,0,0,0,0,0,0,0,0,0,0,0,27,33,3755,68308616,137027203,205299316,273337960,341610083,410160744,478084713,546471529,614612590,683081341,751906453,818863792,887955136,956284617,1024208599,1092673231,1160920776,1229049545,1297694391,1365843627,1433976489,1502138014,1570516635,1639304840,1707703925,1775201908,1843846766,1911905890,1980780123,2048573006,2116456021,2185125457,2253585996,2321456717,2389778004,2457898599,2526609010,2594782830,2662887046,2731204254,2799423143,2867691180,2935738038,3004190407,3072630481,3140652753,3209129686,3276500702,3345379035,3413597916,3481829078,3549818580,3618094784,3686731438,3754749598,3823472252,3891580533,3959070320,4027764330,0,0,0,0,0,0,0,0,0,0,0,0,0,0,0,0,0,0,0,0,0,0,0,0,0,0,0,0,0,0,0,0,0,0,0,0,0,0,0,0,0,0,0,0,0,0,0,0,0,0,0,0,0,0,0,0,0,0,0,0,0,0,0,0,0,0,0,0,0,0,0,0,0,0,0,0,0,0,0,0,0,0,0,0,0,0,0,0,0,0,0,0,0,0,0,0,0,0,0,0,0,0,0,0,0,0,0,0,0,0,0,0,0,0,0,0,0,0,0,0,0,0,0,0,0,0,0,0,0,0,0,0,0,0,0,0,0,0,0,0,0,0,0,0,0,0,0,0,0,0,0,0,0,0,0,0,0,0,0,0,0,0,0,0,0,0,0,0,0,0,0,0,0,0,0,0,0,0,0,0,0,0,0,0,0,0,0,0,0,0,0,0,0,0,0,0,33721

2016/07/28,20:48:31.57,1186,PbP,1365,2167,1968,2070,102,104,2093,2361,50,3,104,1069,3,102,0,0,0,0,0,0,0,0,0,0,0,0,0,0,0,0,0,0,0,0,0,0,0,0,0,0,0,0,0,19,41,3690,68652645,137023079,204746344,273313386,342158965,409665161,477916826,546139831,614710995,682528476,750882528,819511009,887819985,956133063,1024048834,1092239016,1161084568,1229155962,1297526359,1365560900,1433779771,1501871649,1570229778,1638796811,1706614282,1775738392,1843756595,1912086069,1980046928,2048200304,2116431497,2185055906,2253037240,2321690301,2389798603,2458083020,2526084825,2594283230,2662706915,2731163369,2799312610,2867175137,2935344875,3004231398,3072601821,3140427487,3208654553,3277045469,3345264345,3413610200,3481767643,3550084834,3617890015,3686366944,3754938086,3823079137,3891453656,3959451357,4027879142,0,0,0,0,0,0,0,0,0,0,0,0,0,0,0,0,0,0,0,0,0,0,0,0,0,0,0,0,0,0,0,0,0,0,0,0,0,0,0,0,0,0,0,0,0,0,0,0,0,0,0,0,0,0,0,0,0,0,0,0,0,0,0,0,0,0,0,0,0,0,0,0,0,0,0,0,0,0,0,0,0,0,0,0,0,0,0,0,0,0,0,0,0,0,0,0,0,0,0,0,0,0,0,0,0,0,0,0,0,0,0,0,0,0,0,0,0,0,0,0,0,0,0,0,0,0,0,0,0,0,0,0,0,0,0,0,0,0,0,0,0,0,0,0,0,0,0,0,0,0,0,0,0,0,0,0,0,0,0,0,0,0,0,0,0,0,0,0,0,0,0,0,0,0,0,0,0,0,0,0,0,0,0,0,0,0,0,0,0,0,0,0,0,0,0,0,33965

2016/07/28,20:48:32.56,1186,PbP,1365,2177,1968,2070,102,104,2093,2361,47,3,104,1044,3,102,0,0,0,0,0,0,0,0,0,0,0,0,0,0,0,0,0,0,0,0,0,0,0,0,0,0,0,0,0,18,42,3803,68894428,136953560,205176535,273551068,341339866,409812692,478011095,546586321,614592209,682962627,751386282,819793570,887676557,955797109,1024269931,1092550249,1160826473,1229016680,1297210972,1365683805,1433501280,1502588514,1570258527,1638571612,1706958435,1775218280,1843220071,1911635565,1979924079,2048028279,2116124292,2184724106,2253008523,2321026734,2389180098,2457702087,2526064337,2594213588,2662465243,2731286244,2799095526,2867052261,2935889639,3004161764,3072032487,3140591332,3209113318,3277352678,3345514218,3413241575,3481337573,3550027493,3617869542,3686735591,3754483431,3822739178,3891453670,3959660262,4027907815,0,0,0,0,0,0,0,0,0,0,0,0,0,0,0,0,0,0,0,0,0,0,0,0,0,0,0,0,0,0,0,0,0,0,0,0,0,0,0,0,0,0,0,0,0,0,0,0,0,0,0,0,0,0,0,0,0,0,0,0,0,0,0,0,0,0,0,0,0,0,0,0,0,0,0,0,0,0,0,0,0,0,0,0,0,0,0,0,0,0,0,0,0,0,0,0,0,0,0,0,0,0,0,0,0,0,0,0,0,0,0,0,0,0,0,0,0,0,0,0,0,0,0,0,0,0,0,0,0,0,0,0,0,0,0,0,0,0,0,0,0,0,0,0,0,0,0,0,0,0,0,0,0,0,0,0,0,0,0,0,0,0,0,0,0,0,0,0,0,0,0,0,0,0,0,0,0,0,0,0,0,0,0,0,0,0,0,0,0,0,0,0,0,0,0,0,34486

2016/07/28,20:48:33.56,1186,PbP,1366,2183,1968,2069,102,104,2093,2361,42,3,104,1067,3,102,0,0,0,0,0,0,0,0,0,0,0,0,0,0,0,0,0,0,0,0,0,0,0,0,0,0,0,0,0,14,46,3802,67620570,135573212,203972308,272613072,340844246,409034453,477667021,545418962,614096590,681991884,750345940,818536147,887099089,955469521,1023745748,1091821273,1160171227,1228074724,1296449253,1364709099,1433181923,1501470429,1569586899,1638559429,1706467014,1774591678,1843027640,1911217828,1979653780,2047516303,2116181652,2184236675,2252447359,2320801411,2389368457,2457452185,2525576871,2593775271,2661781173,2730495693,2798702278,2866974418,2935213792,3003432675,3071651539,3140153027,3208044203,3276283529,3344899703,3413286503,3481067104,3549576803,3617181279,3685793379,3754241634,3821923937,3890691687,3958808166,4026998374,0,0,0,0,0,0,0,0,0,0,0,0,0,0,0,0,0,0,0,0,0,0,0,0,0,0,0,0,0,0,0,0,0,0,0,0,0,0,0,0,0,0,0,0,0,0,0,0,0,0,0,0,0,0,0,0,0,0,0,0,0,0,0,0,0,0,0,0,0,0,0,0,0,0,0,0,0,0,0,0,0,0,0,0,0,0,0,0,0,0,0,0,0,0,0,0,0,0,0,0,0,0,0,0,0,0,0,0,0,0,0,0,0,0,0,0,0,0,0,0,0,0,0,0,0,0,0,0,0,0,0,0,0,0,0,0,0,0,0,0,0,0,0,0,0,0,0,0,0,0,0,0,0,0,0,0,0,0,0,0,0,0,0,0,0,0,0,0,0,0,0,0,0,0,0,0,0,0,0,0,0,0,0,0,0,0,0,0,0,0,0,0,0,0,0,0,34922

2016/07/28,20:48:34.56,1186,PbP,1367,2192,1968,2068,102,104,2093,2361,41,4,104,1035,3,102,0,0,0,0,0,0,0,0,0,0,0,0,0,0,0,0,0,0,0,0,0,0,0,0,0,0,0,0,0,20,40,3690,68263531,136306291,204594797,272772718,341245552,409681520,477830762,546004586,614227567,682135146,750591599,819351148,887246438,955223655,1023901285,1092337261,1160089196,1228353147,1297092224,1365212806,1433321108,1501679274,1570238144,1638395595,1706725081,1774804714,1843097327,1911275247,1979514607,2047885030,2115870426,2184466141,2253086426,2321178326,2388885201,2457267909,2525626062,2594332361,2662067920,2730413775,2798800591,2867052248,2935111397,3003387620,3071774440,3139911399,3208015598,3276201704,3344629486,3413171956,3481149174,3549769465,3617918707,3686018800,3753996012,3822460645,3891285725,3958996701,4027686618,0,0,0,0,0,0,0,0,0,0,0,0,0,0,0,0,0,0,0,0,0,0,0,0,0,0,0,0,0,0,0,0,0,0,0,0,0,0,0,0,0,0,0,0,0,0,0,0,0,0,0,0,0,0,0,0,0,0,0,0,0,0,0,0,0,0,0,0,0,0,0,0,0,0,0,0,0,0,0,0,0,0,0,0,0,0,0,0,0,0,0,0,0,0,0,0,0,0,0,0,0,0,0,0,0,0,0,0,0,0,0,0,0,0,0,0,0,0,0,0,0,0,0,0,0,0,0,0,0,0,0,0,0,0,0,0,0,0,0,0,0,0,0,0,0,0,0,0,0,0,0,0,0,0,0,0,0,0,0,0,0,0,0,0,0,0,0,0,0,0,0,0,0,0,0,0,0,0,0,0,0,0,0,0,0,0,0,0,0,0,0,0,0,0,0,0,34568

2016/07/28,20:48:35.56,1186,PbP,1367,2197,1968,2068,102,104,2093,2361,40,3,104,1049,3,102,0,0,0,0,0,0,0,0,0,0,0,0,0,0,0,0,0,0,0,0,0,0,0,0,0,0,0,0,0,0,60,3792,68234960,135986889,204709580,272801496,340795089,409931463,478203598,546475732,614092498,682745552,750997208,819109591,887103195,955363030,1024093913,1092083414,1160355536,1228353237,1297329864,1365634750,1433587392,1502027448,1570176672,1638260384,1706860193,1775062681,1843256981,1911262864,1979956879,2047835791,2116284053,2184486538,2253147785,2320895629,2389335693,2457648779,2525691528,2594213518,2662436498,2730819225,2798952096,2866892455,2935099064,3003739839,3071639245,3140259531,3208396490,3276390099,3344989901,3413114560,3481571018,3549667003,3617816235,3686555309,3754340002,3822231189,3890724500,3959242384,4027969170,0,0,0,0,0,0,0,0,0,0,0,0,0,0,0,0,0,0,0,0,0,0,0,0,0,0,0,0,0,0,0,0,0,0,0,0,0,0,0,0,0,0,0,0,0,0,0,0,0,0,0,0,0,0,0,0,0,0,0,0,0,0,0,0,0,0,0,0,0,0,0,0,0,0,0,0,0,0,0,0,0,0,0,0,0,0,0,0,0,0,0,0,0,0,0,0,0,0,0,0,0,0,0,0,0,0,0,0,0,0,0,0,0,0,0,0,0,0,0,0,0,0,0,0,0,0,0,0,0,0,0,0,0,0,0,0,0,0,0,0,0,0,0,0,0,0,0,0,0,0,0,0,0,0,0,0,0,0,0,0,0,0,0,0,0,0,0,0,0,0,0,0,0,0,0,0,0,0,0,0,0,0,0,0,0,0,0,0,0,0,0,0,0,0,0,0,35300

2016/07/28,20:48:36.56,1186,PbP,1366,2185,1968,2067,102,104,2093,2361,45,3,104,1055,3,102,0,0,0,0,0,0,0,0,0,0,0,0,0,0,0,0,0,0,0,0,0,0,0,0,0,0,0,0,0,2,58,3734,68238997,136650402,204906156,273010350,341651142,409890509,477839059,545885918,613977817,682495715,750583530,818564844,887209706,955420401,1023958765,1092026100,1160711921,1228836589,1297211116,1365098217,1433562861,1502043870,1569615581,1638403808,1706761958,1774923481,1843441373,1911344868,1979846376,2047975153,2116288251,2184412924,2252787448,2321256176,2389147371,2457734885,2525933283,2594356955,2662538968,2730667742,2798878424,2867134168,2935344855,3003219665,3071618758,3140316867,3208117949,3276324529,3344768684,3413233319,3481300668,3549556407,3617636016,3685875366,3754434180,3822304914,3890527888,3959123573,4027702927,0,0,0,0,0,0,0,0,0,0,0,0,0,0,0,0,0,0,0,0,0,0,0,0,0,0,0,0,0,0,0,0,0,0,0,0,0,0,0,0,0,0,0,0,0,0,0,0,0,0,0,0,0,0,0,0,0,0,0,0,0,0,0,0,0,0,0,0,0,0,0,0,0,0,0,0,0,0,0,0,0,0,0,0,0,0,0,0,0,0,0,0,0,0,0,0,0,0,0,0,0,0,0,0,0,0,0,0,0,0,0,0,0,0,0,0,0,0,0,0,0,0,0,0,0,0,0,0,0,0,0,0,0,0,0,0,0,0,0,0,0,0,0,0,0,0,0,0,0,0,0,0,0,0,0,0,0,0,0,0,0,0,0,0,0,0,0,0,0,0,0,0,0,0,0,0,0,0,0,0,0,0,0,0,0,0,0,0,0,0,0,0,0,0,0,0,36513

2016/07/28,20:48:37.57,1186,PbP,1366,2162,1968,2076,102,104,2093,2361,45,3,104,1075,3,102,0,0,0,0,0,0,0,0,0,0,0,0,0,0,0,0,0,0,0,0,0,0,0,0,0,0,0,0,0,24,29,3723,68775526,136838753,205274758,273346182,341990999,410238592,478350980,546655837,615079549,683482762,751214260,820190872,888225440,956522147,1024425645,1092681396,1161272962,1229475458,1297284787,1366171306,1433968305,1502744241,1571098294,1639362227,1706929882,1775398618,1844133577,1911885508,1980317349,2048548494,2116927092,2185027173,2253172312,2321870414,2389950028,2458304076,2526527054,3072446026,3140599371,3208728142,3277217353,3345505870,3413663321,3482197603,3550330481,3618373257,3686940330,3755257534,3823746757,3891437260,3960606423,4028804819,0,0,0,0,0,0,0,0,0,0,0,0,0,0,0,0,0,0,0,0,0,0,0,0,0,0,0,0,0,0,0,0,0,0,0,0,0,0,0,0,0,0,0,0,0,0,0,0,0,0,0,0,0,0,0,0,0,0,0,0,0,0,0,0,0,0,0,0,0,0,0,0,0,0,0,0,0,0,0,0,0,0,0,0,0,0,0,0,0,0,0,0,0,0,0,0,0,0,0,0,0,0,0,0,0,0,0,0,0,0,0,0,0,0,0,0,0,0,0,0,0,0,0,0,0,0,0,0,0,0,0,0,0,0,0,0,0,0,0,0,0,0,0,0,0,0,0,0,0,0,0,0,0,0,0,0,0,0,0,0,0,0,0,0,0,0,0,0,0,0,0,0,0,0,0,0,0,0,0,0,0,0,0,0,0,0,0,0,0,0,0,0,0,0,0,0,0,0,0,0,0,0,0,27744

2016/07/28,20:48:38.56,1186,PbP,1369,2186,1968,2086,102,104,2093,2361,46,3,104,1076,3,102,0,0,0,0,0,0,0,0,0,0,0,0,0,0,0,0,0,0,0,0,0,0,0,0,0,0,0,0,0,0,60,3798,68357845,136511189,204492494,272764623,341262039,409472723,477646539,545791701,613613273,682127062,750853845,819113679,887275213,955498195,1023909576,1091976902,1160445637,1228746434,1296506572,1365298884,1433276101,1501724350,1570324168,1638112970,1706860229,1774423754,1842876112,1911008976,1979330256,2047504076,2115997393,2184036050,2252746446,2320887500,2389049037,2457149130,2525294286,2593787593,2661744328,2730352328,2798657218,2867105473,2934701769,3003424448,3071647431,3139862214,3208421067,3276054224,3345092302,3412950744,3481034460,3549495006,3617742563,3686579934,3754118888,3822165738,3890908895,3959086812,4027059939,0,0,0,0,0,0,0,0,0,0,0,0,0,0,0,0,0,0,0,0,0,0,0,0,0,0,0,0,0,0,0,0,0,0,0,0,0,0,0,0,0,0,0,0,0,0,0,0,0,0,0,0,0,0,0,0,0,0,0,0,0,0,0,0,0,0,0,0,0,0,0,0,0,0,0,0,0,0,0,0,0,0,0,0,0,0,0,0,0,0,0,0,0,0,0,0,0,0,0,0,0,0,0,0,0,0,0,0,0,0,0,0,0,0,0,0,0,0,0,0,0,0,0,0,0,0,0,0,0,0,0,0,0,0,0,0,0,0,0,0,0,0,0,0,0,0,0,0,0,0,0,0,0,0,0,0,0,0,0,0,0,0,0,0,0,0,0,0,0,0,0,0,0,0,0,0,0,0,0,0,0,0,0,0,0,0,0,0,0,0,0,0,0,0,0,0,36116

2016/07/28,20:48:39.56,1186,PbP,1371,2203,1968,2091,102,104,2093,2361,53,3,104,1078,3,102,0,0,0,0,0,0,0,0,0,0,0,0,0,0,0,0,0,0,0,0,0,0,0,0,0,0,0,0,0,8,52,3804,68173536,136154846,204054227,272576215,340852434,409149122,477679299,545795765,613863097,682098346,750411413,818851480,887062165,955399816,1023831672,1092066923,1160089192,1228439140,1296645715,1364823642,1432800863,1501490810,1569414792,1638002312,1705664157,1774620349,1842712273,1910988512,1979559654,2047094509,2115845877,2184441585,2252439274,2320412391,2388778723,2457386717,2525249245,2593341158,2661281511,2729873137,2798120698,2866757364,2934701811,3002945266,3071393519,3139423978,3208244968,3276136171,3344735982,3412819688,3480968941,3549548278,3617435391,3685822201,3753963252,3822182140,3890421505,3958705920,4027117305,0,0,0,0,0,0,0,0,0,0,0,0,0,0,0,0,0,0,0,0,0,0,0,0,0,0,0,0,0,0,0,0,0,0,0,0,0,0,0,0,0,0,0,0,0,0,0,0,0,0,0,0,0,0,0,0,0,0,0,0,0,0,0,0,0,0,0,0,0,0,0,0,0,0,0,0,0,0,0,0,0,0,0,0,0,0,0,0,0,0,0,0,0,0,0,0,0,0,0,0,0,0,0,0,0,0,0,0,0,0,0,0,0,0,0,0,0,0,0,0,0,0,0,0,0,0,0,0,0,0,0,0,0,0,0,0,0,0,0,0,0,0,0,0,0,0,0,0,0,0,0,0,0,0,0,0,0,0,0,0,0,0,0,0,0,0,0,0,0,0,0,0,0,0,0,0,0,0,0,0,0,0,0,0,0,0,0,0,0,0,0,0,0,0,0,0,36378

2016/07/28,20:48:40.56,1186,PbP,1370,2186,1968,2093,102,104,2093,2360,50,4,104,1074,3,102,0,0,0,0,0,0,0,0,0,0,0,0,0,0,0,0,0,0,0,0,0,0,0,0,0,0,0,0,0,2,58,3832,68210422,137158392,205438710,273608433,341303033,409816826,478535417,546488053,614760181,682503932,751058679,819609341,887824119,955760372,1024085747,1092660971,1160625889,1228803809,1297133283,1365761756,1433861845,1501777619,1570606793,1638846155,1707073217,1775206084,1843863234,1912008380,1980366531,2048110277,2116542151,2185096896,2253188807,2321338058,2390232771,2458111680,2526363334,2594516670,2662489792,2730868404,2798902955,2867449525,2935582393,3003788900,3072122466,3140574871,3208502938,3276820104,3345362608,3413339830,3481775810,3549736652,3617988296,3686358735,3754806967,3823238858,3891355318,3959479988,4027977395,0,0,0,0,0,0,0,0,0,0,0,0,0,0,0,0,0,0,0,0,0,0,0,0,0,0,0,0,0,0,0,0,0,0,0,0,0,0,0,0,0,0,0,0,0,0,0,0,0,0,0,0,0,0,0,0,0,0,0,0,0,0,0,0,0,0,0,0,0,0,0,0,0,0,0,0,0,0,0,0,0,0,0,0,0,0,0,0,0,0,0,0,0,0,0,0,0,0,0,0,0,0,0,0,0,0,0,0,0,0,0,0,0,0,0,0,0,0,0,0,0,0,0,0,0,0,0,0,0,0,0,0,0,0,0,0,0,0,0,0,0,0,0,0,0,0,0,0,0,0,0,0,0,0,0,0,0,0,0,0,0,0,0,0,0,0,0,0,0,0,0,0,0,0,0,0,0,0,0,0,0,0,0,0,0,0,0,0,0,0,0,0,0,0,0,0,37343

2016/07/28,20:48:41.56,1186,PbP,1366,2162,1968,2094,102,104,2093,2360,38,4,104,1043,3,102,0,0,0,0,0,0,0,0,0,0,0,0,0,0,0,0,0,0,0,0,0,0,0,0,0,0,0,0,0,43,17,3748,68107931,136973945,204856965,273149589,341544569,409714284,477884019,546123369,614465117,682917457,750759512,819408480,887705173,955911769,1024114235,1092501081,1160449636,1228779111,1297227363,1365208684,1433284211,1501986422,1570033280,1638530710,1706729129,1774739125,1843244735,1911406269,1979719332,2047725272,2115940055,2184822481,2253070023,2320608894,2389282418,2457398890,2525724316,2594082425,2662329986,2730409520,2799230568,2867052133,2935279186,3003764287,3071974976,3140296176,3208617442,3276439073,3344948768,3413212702,3481488926,3550154243,3618168375,3686563392,3754208859,3822964326,3891224182,3959336599,4027383468,0,0,0,0,0,0,0,0,0,0,0,0,0,0,0,0,0,0,0,0,0,0,0,0,0,0,0,0,0,0,0,0,0,0,0,0,0,0,0,0,0,0,0,0,0,0,0,0,0,0,0,0,0,0,0,0,0,0,0,0,0,0,0,0,0,0,0,0,0,0,0,0,0,0,0,0,0,0,0,0,0,0,0,0,0,0,0,0,0,0,0,0,0,0,0,0,0,0,0,0,0,0,0,0,0,0,0,0,0,0,0,0,0,0,0,0,0,0,0,0,0,0,0,0,0,0,0,0,0,0,0,0,0,0,0,0,0,0,0,0,0,0,0,0,0,0,0,0,0,0,0,0,0,0,0,0,0,0,0,0,0,0,0,0,0,0,0,0,0,0,0,0,0,0,0,0,0,0,0,0,0,0,0,0,0,0,0,0,0,0,0,0,0,0,0,0,31717

2016/07/28,20:48:42.56,1186,PbP,1366,2180,1968,2094,102,104,2093,2360,52,3,104,1043,3,102,0,0,0,0,0,0,0,0,0,0,0,0,0,0,0,0,0,0,0,0,0,0,0,0,0,0,0,0,0,11,38,3768,68492942,136859343,205106844,273243846,341417635,409919088,478109267,546139720,1365470797,1433710154,1501765204,1570164315,1638489706,1706503794,1774751364,1843400296,1911418566,1979670212,2047983322,2116079335,2184449762,2252922591,2321227476,2389425877,2457509592,2526121678,2594283217,2662059734,2730434256,2798493392,2867478221,2935287501,3004116683,3072323270,3140021960,3208765133,3277029067,3344805572,3413683908,3481755334,3549974217,3618209479,3686862544,3755368146,3822812881,3891351251,3959680729,4027961049,0,0,0,0,0,0,0,0,0,0,0,0,0,0,0,0,0,0,0,0,0,0,0,0,0,0,0,0,0,0,0,0,0,0,0,0,0,0,0,0,0,0,0,0,0,0,0,0,0,0,0,0,0,0,0,0,0,0,0,0,0,0,0,0,0,0,0,0,0,0,0,0,0,0,0,0,0,0,0,0,0,0,0,0,0,0,0,0,0,0,0,0,0,0,0,0,0,0,0,0,0,0,0,0,0,0,0,0,0,0,0,0,0,0,0,0,0,0,0,0,0,0,0,0,0,0,0,0,0,0,0,0,0,0,0,0,0,0,0,0,0,0,0,0,0,0,0,0,0,0,0,0,0,0,0,0,0,0,0,0,0,0,0,0,0,0,0,0,0,0,0,0,0,0,0,0,0,0,0,0,0,0,0,0,0,0,0,0,0,0,0,0,0,0,0,0,0,0,0,0,0,0,0,0,0,0,0,29403

2016/07/28,20:48:43.56,1186,PbP,1367,2172,1968,2094,102,104,2093,2360,41,3,104,1063,3,102,0,0,0,0,0,0,0,0,0,0,0,0,0,0,0,0,0,0,0,0,0,0,0,0,0,0,0,0,0,1,59,3796,68636361,136572609,204947119,273567412,341352113,409202351,477769378,546287261,614252183,682835609,750767766,819277464,887652006,955870893,1023991472,1092103862,1160642244,1228922568,1297399499,1365393106,1433775825,1501720271,1570156225,1638592184,1706098354,1775173283,1843408539,1911447191,1979960972,2048278154,2116054661,2184769153,2252779143,2321571474,2389536403,2457530007,2525843102,2594352809,2662473391,2731310770,2798722747,2867166912,2935144139,3003416272,3071856336,3139903180,3208605382,3276504775,3344916173,3413294788,3481714375,3549900495,3618410182,3686338240,3754847933,3822808765,3891195584,3959434929,4027981484,0,0,0,0,0,0,0,0,0,0,0,0,0,0,0,0,0,0,0,0,0,0,0,0,0,0,0,0,0,0,0,0,0,0,0,0,0,0,0,0,0,0,0,0,0,0,0,0,0,0,0,0,0,0,0,0,0,0,0,0,0,0,0,0,0,0,0,0,0,0,0,0,0,0,0,0,0,0,0,0,0,0,0,0,0,0,0,0,0,0,0,0,0,0,0,0,0,0,0,0,0,0,0,0,0,0,0,0,0,0,0,0,0,0,0,0,0,0,0,0,0,0,0,0,0,0,0,0,0,0,0,0,0,0,0,0,0,0,0,0,0,0,0,0,0,0,0,0,0,0,0,0,0,0,0,0,0,0,0,0,0,0,0,0,0,0,0,0,0,0,0,0,0,0,0,0,0,0,0,0,0,0,0,0,0,0,0,0,0,0,0,0,0,0,0,0,34559

2016/07/28,20:48:44.56,1186,PbP,1367,2164,1968,2094,102,104,2093,2360,39,4,104,1059,3,102,0,0,0,0,0,0,0,0,0,0,0,0,0,0,0,0,0,0,0,0,0,0,0,0,0,0,0,0,0,35,25,3752,68656804,136986276,204914336,273170073,341388969,409763500,478183073,546229920,614174385,682811059,751058622,819338946,887291585,955559613,1024327356,1092148920,1160437425,1228725908,1297145456,1365507685,1433665120,1501720148,1570082377,1638538824,1706925634,1775169089,1843080772,1911582271,1980046914,2048077387,2116070982,2184388170,2253155913,2321055310,2389487182,2457275981,2525924934,2594618958,2662248012,2730589773,2799119943,2867641927,2935483981,3004100175,3072507469,3140566599,3208830545,3277155927,3345411668,3413450330,3481853543,3550092914,3618729592,3686620812,3755138708,3822976666,3890654894,3959701172,4028055231,0,0,0,0,0,0,0,0,0,0,0,0,0,0,0,0,0,0,0,0,0,0,0,0,0,0,0,0,0,0,0,0,0,0,0,0,0,0,0,0,0,0,0,0,0,0,0,0,0,0,0,0,0,0,0,0,0,0,0,0,0,0,0,0,0,0,0,0,0,0,0,0,0,0,0,0,0,0,0,0,0,0,0,0,0,0,0,0,0,0,0,0,0,0,0,0,0,0,0,0,0,0,0,0,0,0,0,0,0,0,0,0,0,0,0,0,0,0,0,0,0,0,0,0,0,0,0,0,0,0,0,0,0,0,0,0,0,0,0,0,0,0,0,0,0,0,0,0,0,0,0,0,0,0,0,0,0,0,0,0,0,0,0,0,0,0,0,0,0,0,0,0,0,0,0,0,0,0,0,0,0,0,0,0,0,0,0,0,0,0,0,0,0,0,0,0,31867

2016/07/28,20:48:45.56,1186,PbP,1368,2172,1968,2093,102,104,2093,2360,53,3,104,1074,3,102,0,0,0,0,0,0,0,0,0,0,0,0,0,0,0,0,0,0,0,0,0,0,0,0,0,0,0,0,0,4,56,3786,68501198,136867538,205102805,273211088,341515991,409546447,477658832,545914575,614477522,682168018,750964433,819379926,887451342,955850453,1023864534,1092583123,1160650458,1228779225,1297170135,1365413588,1433620178,1501695692,1570189007,1638203080,1706528450,1774735043,1842888375,1911574201,1979530935,2047778473,2115657386,2184560301,2252775078,2320985763,2389540516,2457702051,2525613732,2594184873,2662280875,2730790578,2799017650,2867248819,2935025330,3003748021,3072347834,3139698352,3208588971,3276557997,3345174187,3413171867,3481599646,3549879954,3618311823,3686690441,3755007605,3823119982,3891482231,3959848579,4027739781,0,0,0,0,0,0,0,0,0,0,0,0,0,0,0,0,0,0,0,0,0,0,0,0,0,0,0,0,0,0,0,0,0,0,0,0,0,0,0,0,0,0,0,0,0,0,0,0,0,0,0,0,0,0,0,0,0,0,0,0,0,0,0,0,0,0,0,0,0,0,0,0,0,0,0,0,0,0,0,0,0,0,0,0,0,0,0,0,0,0,0,0,0,0,0,0,0,0,0,0,0,0,0,0,0,0,0,0,0,0,0,0,0,0,0,0,0,0,0,0,0,0,0,0,0,0,0,0,0,0,0,0,0,0,0,0,0,0,0,0,0,0,0,0,0,0,0,0,0,0,0,0,0,0,0,0,0,0,0,0,0,0,0,0,0,0,0,0,0,0,0,0,0,0,0,0,0,0,0,0,0,0,0,0,0,0,0,0,0,0,0,0,0,0,0,0,34330

2016/07/28,20:48:46.56,1186,PbP,1369,2178,1968,2093,102,104,2093,2360,53,3,104,1084,3,102,0,0,0,0,0,0,0,0,0,0,0,0,0,0,0,0,0,0,0,0,0,0,0,0,0,0,0,0,0,3,57,3720,68107932,136572585,204775086,273190576,341278399,409489086,478162624,546033353,614153925,682647243,750685901,819400386,887217859,955461314,1023995584,1092062906,1160257199,1228689066,1296608930,1364758168,1433513618,1501482635,1569681023,1638190730,1706385037,1774800513,1843101324,1911299731,1979514524,2047893142,2115940001,2184572581,2252443309,2320891565,2389278400,2457407156,2525867705,2594107068,2662510286,2730766034,2799066838,2867375808,2935459516,3003928279,3072360118,3140181707,3208105647,3276725956,3345338051,3413180081,3481611950,3549712057,3618246292,3686223508,3754614427,3822837396,3891089028,3959582344,4027702931,0,0,0,0,0,0,0,0,0,0,0,0,0,0,0,0,0,0,0,0,0,0,0,0,0,0,0,0,0,0,0,0,0,0,0,0,0,0,0,0,0,0,0,0,0,0,0,0,0,0,0,0,0,0,0,0,0,0,0,0,0,0,0,0,0,0,0,0,0,0,0,0,0,0,0,0,0,0,0,0,0,0,0,0,0,0,0,0,0,0,0,0,0,0,0,0,0,0,0,0,0,0,0,0,0,0,0,0,0,0,0,0,0,0,0,0,0,0,0,0,0,0,0,0,0,0,0,0,0,0,0,0,0,0,0,0,0,0,0,0,0,0,0,0,0,0,0,0,0,0,0,0,0,0,0,0,0,0,0,0,0,0,0,0,0,0,0,0,0,0,0,0,0,0,0,0,0,0,0,0,0,0,0,0,0,0,0,0,0,0,0,0,0,0,0,0,34589

2016/07/28,20:48:47.56,1186,PbP,1369,2191,1967,2092,102,104,2093,2360,45,4,104,1056,3,102,0,0,0,0,0,0,0,0,0,0,0,0,0,0,0,0,0,0,0,0,0,0,0,0,0,0,0,0,0,13,47,3715,68984472,137113270,205733534,273505981,341901015,410320587,478609089,546782946,614821615,682983124,751386354,819572447,887754457,956333764,1024233142,1093136057,1160855200,1229373076,1297936017,1365593741,1434336911,1502318222,1570295399,1638854285,1706856083,1775242898,1843592852,1911578261,1980202669,2047606431,2116656831,2184675022,2252938967,2321456861,2389278430,2457890540,2525916916,2594774780,2662747905,2730880760,2799140597,2867642082,2936049370,3003985598,3072384720,3140968108,3208679090,3277278879,3345141371,3413683843,3481632370,3550592608,3618700879,3686882903,3754978896,3823586888,3891519041,3959918173,4028083816,0,0,0,0,0,0,0,0,0,0,0,0,0,0,0,0,0,0,0,0,0,0,0,0,0,0,0,0,0,0,0,0,0,0,0,0,0,0,0,0,0,0,0,0,0,0,0,0,0,0,0,0,0,0,0,0,0,0,0,0,0,0,0,0,0,0,0,0,0,0,0,0,0,0,0,0,0,0,0,0,0,0,0,0,0,0,0,0,0,0,0,0,0,0,0,0,0,0,0,0,0,0,0,0,0,0,0,0,0,0,0,0,0,0,0,0,0,0,0,0,0,0,0,0,0,0,0,0,0,0,0,0,0,0,0,0,0,0,0,0,0,0,0,0,0,0,0,0,0,0,0,0,0,0,0,0,0,0,0,0,0,0,0,0,0,0,0,0,0,0,0,0,0,0,0,0,0,0,0,0,0,0,0,0,0,0,0,0,0,0,0,0,0,0,0,0,33891

2016/07/28,20:48:48.56,1186,PbP,1370,2198,1967,2091,102,104,2093,2360,40,4,104,1060,3,102,0,0,0,0,0,0,0,0,0,0,0,0,0,0,0,0,0,0,0,0,0,0,0,0,0,0,0,0,0,17,43,3713,68185734,136920707,204861095,273497793,341372626,409464509,478101217,546000624,614547198,682757878,751042276,819027684,887181011,955891405,1023917774,1092263622,1160429256,1228455615,1297125071,1364815573,1433177801,1501564627,1569787603,1638227670,1706360543,1774677729,1842638563,1911221995,1979547373,2047610608,2115649261,2184195821,2252250866,2320592622,2389196516,2457054946,2525679312,2593832624,2662330012,2729864836,2798423680,2866835068,2934832768,3003346554,3071299196,3139702398,3207839357,3276672636,3344477820,3412741756,3481267840,3549294205,3617865346,3686346371,3753979543,3822472887,3890495168,3959217896,4027498228,0,0,0,0,0,0,0,0,0,0,0,0,0,0,0,0,0,0,0,0,0,0,0,0,0,0,0,0,0,0,0,0,0,0,0,0,0,0,0,0,0,0,0,0,0,0,0,0,0,0,0,0,0,0,0,0,0,0,0,0,0,0,0,0,0,0,0,0,0,0,0,0,0,0,0,0,0,0,0,0,0,0,0,0,0,0,0,0,0,0,0,0,0,0,0,0,0,0,0,0,0,0,0,0,0,0,0,0,0,0,0,0,0,0,0,0,0,0,0,0,0,0,0,0,0,0,0,0,0,0,0,0,0,0,0,0,0,0,0,0,0,0,0,0,0,0,0,0,0,0,0,0,0,0,0,0,0,0,0,0,0,0,0,0,0,0,0,0,0,0,0,0,0,0,0,0,0,0,0,0,0,0,0,0,0,0,0,0,0,0,0,0,0,0,0,0,35095

2016/07/28,20:48:49.56,1186,PbP,1370,2202,1967,2090,102,104,2093,2360,34,3,104,1058,3,102,0,0,0,0,0,0,0,0,0,0,0,0,0,0,0,0,0,0,0,0,0,0,0,0,0,0,0,0,0,19,41,3846,68546316,137023229,204975863,273305333,341192439,409616118,477900537,546111217,614526708,683110132,751451901,819142395,887955204,956083982,1024093955,1092275959,1161256685,1229344484,1297268438,1365569226,1434140345,1502207666,1570537125,1638932125,1707007644,1775361696,1843408539,1911996058,1979985562,2048425621,2116669076,2185002630,2253397627,2321661563,2390146687,2458168951,2526043766,2594807413,2663186041,2731089522,2799337069,2867981937,2935815794,3004243573,3072380534,3140828785,3208986232,3277381240,3345452666,3413757562,3481906816,3549953682,3618459294,3686604462,3755085512,3822825181,3891592940,3959439103,4028436229,0,0,0,0,0,0,0,0,0,0,0,0,0,0,0,0,0,0,0,0,0,0,0,0,0,0,0,0,0,0,0,0,0,0,0,0,0,0,0,0,0,0,0,0,0,0,0,0,0,0,0,0,0,0,0,0,0,0,0,0,0,0,0,0,0,0,0,0,0,0,0,0,0,0,0,0,0,0,0,0,0,0,0,0,0,0,0,0,0,0,0,0,0,0,0,0,0,0,0,0,0,0,0,0,0,0,0,0,0,0,0,0,0,0,0,0,0,0,0,0,0,0,0,0,0,0,0,0,0,0,0,0,0,0,0,0,0,0,0,0,0,0,0,0,0,0,0,0,0,0,0,0,0,0,0,0,0,0,0,0,0,0,0,0,0,0,0,0,0,0,0,0,0,0,0,0,0,0,0,0,0,0,0,0,0,0,0,0,0,0,0,0,0,0,0,0,33466

2016/07/28,20:48:50.57,1186,PbP,1370,2194,1967,2089,102,104,2093,2360,45,3,104,1051,3,102,0,0,0,0,0,0,0,0,0,0,0,0,0,0,0,0,0,0,0,0,0,0,0,0,0,0,0,0,0,9,51,3853,68271884,136118013,204664566,273207031,341130995,409366261,477941481,546336490,614149879,682741497,750870273,819027700,887729912,955490059,1023799041,1092296447,1160150795,1229098757,1296916235,1365389063,1433624329,1501511424,1569668853,1638301438,1706462967,1774608125,1842855666,1910886128,1979707124,2047758078,2115981036,2184228586,2252799724,2320510701,2389065459,2457452267,2525806307,2593812203,2662125284,2730622679,2798886608,2867232458,2934931149,3003629230,3071905441,3140202144,3207933588,3276521110,3344649824,3413270098,3481595478,3549580888,3617853001,3686051381,3754892871,3822911080,3891240574,3959197337,4027281033,0,0,0,0,0,0,0,0,0,0,0,0,0,0,0,0,0,0,0,0,0,0,0,0,0,0,0,0,0,0,0,0,0,0,0,0,0,0,0,0,0,0,0,0,0,0,0,0,0,0,0,0,0,0,0,0,0,0,0,0,0,0,0,0,0,0,0,0,0,0,0,0,0,0,0,0,0,0,0,0,0,0,0,0,0,0,0,0,0,0,0,0,0,0,0,0,0,0,0,0,0,0,0,0,0,0,0,0,0,0,0,0,0,0,0,0,0,0,0,0,0,0,0,0,0,0,0,0,0,0,0,0,0,0,0,0,0,0,0,0,0,0,0,0,0,0,0,0,0,0,0,0,0,0,0,0,0,0,0,0,0,0,0,0,0,0,0,0,0,0,0,0,0,0,0,0,0,0,0,0,0,0,0,0,0,0,0,0,0,0,0,0,0,0,0,0,34065

2016/07/28,20:48:51.56,1186,PbP,1365,2162,1967,2089,102,104,2093,2360,50,4,104,1076,3,102,0,0,0,0,0,0,0,0,0,0,0,0,0,0,0,0,0,0,0,0,0,0,0,0,0,0,0,0,0,1,59,3772,68591304,136277712,205078216,273387212,341266106,409325256,477753037,546184900,614383298,682782408,750628558,819166922,887185105,955281100,1023426256,1091964625,1160220373,1228730069,1296019152,1364827865,1433403098,1501531860,1569423053,1638317765,1706299068,1773895346,1842560677,1910857380,1979702942,2047258267,2115980957,2183966364,2252189335,2320907927,2388766347,2456948389,2525523621,2593259182,2662055616,2730274492,2798030531,2866716349,2935074490,3003420357,3071676089,3139874496,3208629946,3276631720,3345206941,3413335712,3481136801,3549539981,3617918610,3686289038,3754380941,3822980747,3891486324,3959713415,4027375249,0,0,0,0,0,0,0,0,0,0,0,0,0,0,0,0,0,0,0,0,0,0,0,0,0,0,0,0,0,0,0,0,0,0,0,0,0,0,0,0,0,0,0,0,0,0,0,0,0,0,0,0,0,0,0,0,0,0,0,0,0,0,0,0,0,0,0,0,0,0,0,0,0,0,0,0,0,0,0,0,0,0,0,0,0,0,0,0,0,0,0,0,0,0,0,0,0,0,0,0,0,0,0,0,0,0,0,0,0,0,0,0,0,0,0,0,0,0,0,0,0,0,0,0,0,0,0,0,0,0,0,0,0,0,0,0,0,0,0,0,0,0,0,0,0,0,0,0,0,0,0,0,0,0,0,0,0,0,0,0,0,0,0,0,0,0,0,0,0,0,0,0,0,0,0,0,0,0,0,0,0,0,0,0,0,0,0,0,0,0,0,0,0,0,0,0,34459

2016/07/28,20:48:52.56,1186,PbP,1365,2164,1967,2088,102,104,2093,2360,55,3,104,1063,3,102,0,0,0,0,0,0,0,0,0,0,0,0,0,0,0,0,0,0,0,0,0,0,0,0,0,0,0,0,0,7,34,3721,68046482,136310414,204721818,272645799,341130925,409509548,478645943,546188998,614256332,682671819,750632644,819273403,887451317,956063412,1024396984,1092505260,1160588962,1228517023,1297264288,1365356185,1433771666,1501793932,1570152081,1638547085,1706712717,1775214227,1842937500,1911197347,1979432627,2047585985,2115915458,2184371907,2252373670,2320911998,2389167710,2457005647,2525371970,2593852996,3959557694,4027407950,0,0,0,0,0,0,0,0,0,0,0,0,0,0,0,0,0,0,0,0,0,0,0,0,0,0,0,0,0,0,0,0,0,0,0,0,0,0,0,0,0,0,0,0,0,0,0,0,0,0,0,0,0,0,0,0,0,0,0,0,0,0,0,0,0,0,0,0,0,0,0,0,0,0,0,0,0,0,0,0,0,0,0,0,0,0,0,0,0,0,0,0,0,0,0,0,0,0,0,0,0,0,0,0,0,0,0,0,0,0,0,0,0,0,0,0,0,0,0,0,0,0,0,0,0,0,0,0,0,0,0,0,0,0,0,0,0,0,0,0,0,0,0,0,0,0,0,0,0,0,0,0,0,0,0,0,0,0,0,0,0,0,0,0,0,0,0,0,0,0,0,0,0,0,0,0,0,0,0,0,0,0,0,0,0,0,0,0,0,0,0,0,0,0,0,0,0,0,0,0,0,0,0,0,0,0,0,0,0,0,0,0,0,0,0,20948

2016/07/28,20:48:53.56,1186,PbP,1366,2160,1967,2087,102,104,2093,2360,50,3,104,1037,3,102,0,0,0,0,0,0,0,0,0,0,0,0,0,0,0,0,0,0,0,0,0,0,0,0,0,0,0,0,1,26,15,3648,68337214,136990281,205065795,273092165,341548609,409775686,478015039,546127437,614424142,682770008,750870116,819101310,887516798,955367060,1024335524,1092234925,1160273581,1228648115,1297440436,1365585596,1433460417,1501507254,1570021041,1638411961,1706782388,1775087262,1843048086,1911520908,1979805310,2047786597,2116210252,2183970375,2252807743,2320944697,2389057089,3686087917,3754606128,3822562877,3890716219,3959418418,4027338292,0,0,0,0,0,0,0,0,0,0,0,0,0,0,0,0,0,0,0,0,0,0,0,0,0,0,0,0,0,0,0,0,0,0,0,0,0,0,0,0,0,0,0,0,0,0,0,0,0,0,0,0,0,0,0,0,0,0,0,0,0,0,0,0,0,0,0,0,0,0,0,0,0,0,0,0,0,0,0,0,0,0,0,0,0,0,0,0,0,0,0,0,0,0,0,0,0,0,0,0,0,0,0,0,0,0,0,0,0,0,0,0,0,0,0,0,0,0,0,0,0,0,0,0,0,0,0,0,0,0,0,0,0,0,0,0,0,0,0,0,0,0,0,0,0,0,0,0,0,0,0,0,0,0,0,0,0,0,0,0,0,0,0,0,0,0,0,0,0,0,0,0,0,0,0,0,0,0,0,0,0,0,0,0,0,0,0,0,0,0,0,0,0,0,0,0,0,0,0,0,0,0,0,0,0,0,0,0,0,0,0,0,0,0,20012

2016/07/28,20:48:54.56,1186,PbP,1367,2166,1967,2086,102,104,2093,2360,35,4,104,1009,3,102,0,0,0,0,0,0,0,0,0,0,0,0,0,0,0,0,0,0,0,0,0,0,0,0,0,0,0,0,0,51,9,3648,68435507,136875574,205360691,273321543,341458487,410152514,478547530,546422329,614575670,683159105,751160893,819510849,887475762,956141124,1024527937,1092546114,1160404531,1229413955,1296891460,1365708356,1433484864,1502178880,1570352707,1638227526,1706831431,1775390266,1843670593,1911565876,1980010053,2047950386,2116456012,2184310350,2252701262,2321100354,2389220949,2457808467,2526424673,2593980006,2662489704,2731196015,2799201921,2867465864,2935737988,3004190348,3071839899,3140349593,3208609431,3277151889,3345407630,3414052498,3481665172,3550150264,3618238076,3686678147,3754655351,3822886502,3891736165,3960135278,4027850349,0,0,0,0,0,0,0,0,0,0,0,0,0,0,0,0,0,0,0,0,0,0,0,0,0,0,0,0,0,0,0,0,0,0,0,0,0,0,0,0,0,0,0,0,0,0,0,0,0,0,0,0,0,0,0,0,0,0,0,0,0,0,0,0,0,0,0,0,0,0,0,0,0,0,0,0,0,0,0,0,0,0,0,0,0,0,0,0,0,0,0,0,0,0,0,0,0,0,0,0,0,0,0,0,0,0,0,0,0,0,0,0,0,0,0,0,0,0,0,0,0,0,0,0,0,0,0,0,0,0,0,0,0,0,0,0,0,0,0,0,0,0,0,0,0,0,0,0,0,0,0,0,0,0,0,0,0,0,0,0,0,0,0,0,0,0,0,0,0,0,0,0,0,0,0,0,0,0,0,0,0,0,0,0,0,0,0,0,0,0,0,0,0,0,0,0,29082

2016/07/28,20:48:55.56,1186,PbP,1368,2175,1967,2085,102,104,2093,2360,44,3,104,1067,3,102,0,0,0,0,0,0,0,0,0,0,0,0,0,0,0,0,0,0,0,0,0,0,0,0,0,0,0,0,0,3,57,3688,68337262,136912504,205315726,273448597,341352086,410046114,478043836,546205383,614641349,683118286,751005396,819187417,887475929,955686619,1024351960,1092480724,1160593103,1228877520,1297051345,1365458639,1433513673,1501961934,1570500300,1638584016,1706893005,1774792394,1843044050,1911770832,1979911888,2047971025,2116648667,2184466133,2253061844,2320932561,2389614287,2458050258,2525630161,2594111179,2662428377,2730987221,2799312589,2867347150,2935434958,3003711181,3072204501,3140193993,3208888020,3276971732,3345374927,3413716677,3481599694,3550121674,3618160339,3686366921,3755044545,3823279821,3891384007,3959819978,4027842255,0,0,0,0,0,0,0,0,0,0,0,0,0,0,0,0,0,0,0,0,0,0,0,0,0,0,0,0,0,0,0,0,0,0,0,0,0,0,0,0,0,0,0,0,0,0,0,0,0,0,0,0,0,0,0,0,0,0,0,0,0,0,0,0,0,0,0,0,0,0,0,0,0,0,0,0,0,0,0,0,0,0,0,0,0,0,0,0,0,0,0,0,0,0,0,0,0,0,0,0,0,0,0,0,0,0,0,0,0,0,0,0,0,0,0,0,0,0,0,0,0,0,0,0,0,0,0,0,0,0,0,0,0,0,0,0,0,0,0,0,0,0,0,0,0,0,0,0,0,0,0,0,0,0,0,0,0,0,0,0,0,0,0,0,0,0,0,0,0,0,0,0,0,0,0,0,0,0,0,0,0,0,0,0,0,0,0,0,0,0,0,0,0,0,0,0,35786

2016/07/28,20:48:56.57,1186,PbP,1368,2185,1967,2084,102,104,2093,2360,51,3,104,1071,3,102,0,0,0,0,0,0,0,0,0,0,0,0,0,0,0,0,0,0,0,0,0,0,0,0,0,0,0,0,0,8,52,3797,68619981,136924885,204721884,272973533,341815013,409448163,477593306,546447069,614346455,682733280,751021804,819191507,887430883,955743960,1024163565,1092181723,1160552169,1228517101,1297137371,1365425882,1433480904,1501593301,1570008796,1638330063,1706225370,1774616269,1843089108,1911332562,1979539147,2047639239,2115968712,2184220345,2252279474,2320969403,2389049014,2457575076,2525945488,2593799820,2662309498,2730749564,2798288507,2867375735,2935205495,3003465337,3071897215,3140095612,3208208007,3276852875,3344838299,3413229215,3481108136,3549761212,3618188994,3686268622,3754299085,3822784209,3890884316,3959512800,4027789019,0,0,0,0,0,0,0,0,0,0,0,0,0,0,0,0,0,0,0,0,0,0,0,0,0,0,0,0,0,0,0,0,0,0,0,0,0,0,0,0,0,0,0,0,0,0,0,0,0,0,0,0,0,0,0,0,0,0,0,0,0,0,0,0,0,0,0,0,0,0,0,0,0,0,0,0,0,0,0,0,0,0,0,0,0,0,0,0,0,0,0,0,0,0,0,0,0,0,0,0,0,0,0,0,0,0,0,0,0,0,0,0,0,0,0,0,0,0,0,0,0,0,0,0,0,0,0,0,0,0,0,0,0,0,0,0,0,0,0,0,0,0,0,0,0,0,0,0,0,0,0,0,0,0,0,0,0,0,0,0,0,0,0,0,0,0,0,0,0,0,0,0,0,0,0,0,0,0,0,0,0,0,0,0,0,0,0,0,0,0,0,0,0,0,0,0,34545

2016/07/28,20:48:57.56,1186,PbP,1369,2193,1967,2084,102,104,2093,2360,46,3,104,1079,3,102,0,0,0,0,0,0,0,0,0,0,0,0,0,0,0,0,0,0,0,0,0,0,0,0,0,0,0,0,0,9,51,3801,68288224,136605411,204750551,273018597,341057238,409349865,477855454,545709801,614321874,682716897,751013593,818814686,887283420,955412186,1023639241,1091874506,1159868109,1228734151,1296649918,1364905660,1433591484,1501662911,1570004661,1638624946,1706639041,1774411453,1843175094,1911041713,1979133617,2048196265,2115968667,2184842888,2252799615,2320649825,2389380725,2457284206,2525974120,2593873523,2662141573,2730876532,2798853764,2866814619,2935443102,3003268797,3072171715,3140050646,3208142569,3276750574,3344961273,3413098221,3481353945,3550031547,3618225834,3686522532,3754565261,3822767749,3890790022,3959049856,4027645576,0,0,0,0,0,0,0,0,0,0,0,0,0,0,0,0,0,0,0,0,0,0,0,0,0,0,0,0,0,0,0,0,0,0,0,0,0,0,0,0,0,0,0,0,0,0,0,0,0,0,0,0,0,0,0,0,0,0,0,0,0,0,0,0,0,0,0,0,0,0,0,0,0,0,0,0,0,0,0,0,0,0,0,0,0,0,0,0,0,0,0,0,0,0,0,0,0,0,0,0,0,0,0,0,0,0,0,0,0,0,0,0,0,0,0,0,0,0,0,0,0,0,0,0,0,0,0,0,0,0,0,0,0,0,0,0,0,0,0,0,0,0,0,0,0,0,0,0,0,0,0,0,0,0,0,0,0,0,0,0,0,0,0,0,0,0,0,0,0,0,0,0,0,0,0,0,0,0,0,0,0,0,0,0,0,0,0,0,0,0,0,0,0,0,0,0,34194

2016/07/28,20:48:58.56,1186,PbP,1368,2197,1967,2083,102,104,2093,2360,39,3,104,1046,3,102,0,0,0,0,0,0,0,0,0,0,0,0,0,0,0,0,0,0,0,0,0,0,0,0,0,0,0,0,0,3,57,3728,68546195,136265378,204918460,272850629,341266133,409919199,477732585,545914599,614231781,682872547,750292705,819146467,887070426,955780787,1023999647,1092386463,1160330901,1228770950,1296907909,1365454469,1433509506,1501994624,1569963652,1638403719,1706516113,1774919308,1843306134,1911389849,1979436731,2047807180,2116173516,2184388317,2252750564,2321305317,2389815013,2457825004,2525785827,2594492135,2662342369,2730692310,2799451863,2867285711,2935647939,3003743919,3072257707,3140529831,3208539804,3277094552,3345227417,3413233307,3481771671,3549585049,3617873565,3686719131,3754688159,3823140515,3890998957,3959455417,4027895495,0,0,0,0,0,0,0,0,0,0,0,0,0,0,0,0,0,0,0,0,0,0,0,0,0,0,0,0,0,0,0,0,0,0,0,0,0,0,0,0,0,0,0,0,0,0,0,0,0,0,0,0,0,0,0,0,0,0,0,0,0,0,0,0,0,0,0,0,0,0,0,0,0,0,0,0,0,0,0,0,0,0,0,0,0,0,0,0,0,0,0,0,0,0,0,0,0,0,0,0,0,0,0,0,0,0,0,0,0,0,0,0,0,0,0,0,0,0,0,0,0,0,0,0,0,0,0,0,0,0,0,0,0,0,0,0,0,0,0,0,0,0,0,0,0,0,0,0,0,0,0,0,0,0,0,0,0,0,0,0,0,0,0,0,0,0,0,0,0,0,0,0,0,0,0,0,0,0,0,0,0,0,0,0,0,0,0,0,0,0,0,0,0,0,0,0,34574

2016/07/28,20:48:59.56,1186,PbP,1364,2143,1967,2082,102,104,2093,2360,55,3,104,1075,3,102,0,0,0,0,0,0,0,0,0,0,0,0,0,0,0,0,0,0,0,0,0,0,0,0,0,0,0,0,0,18,42,3792,68566738,136752865,205106917,273186537,341479147,409702059,477990585,546336456,614440635,682852031,750800580,818974389,887353033,955465388,1023897265,1091894946,1160363672,1228725918,1296866963,1365405282,1433513575,1501990495,1570438759,1638309504,1706700420,1774874257,1843474073,1911025304,1979735695,2047958690,2116030126,2184371888,2252705468,2320580293,2388803254,2457460407,2525425341,2594025147,2662055622,2730827444,2798948012,2866802340,2934873760,3003915936,3072167584,3140230815,3208593031,3276811884,3345206876,3413384777,3481325152,3549638214,3618242133,3686563404,3754540628,3822841401,3890658918,3959189093,4027973236,0,0,0,0,0,0,0,0,0,0,0,0,0,0,0,0,0,0,0,0,0,0,0,0,0,0,0,0,0,0,0,0,0,0,0,0,0,0,0,0,0,0,0,0,0,0,0,0,0,0,0,0,0,0,0,0,0,0,0,0,0,0,0,0,0,0,0,0,0,0,0,0,0,0,0,0,0,0,0,0,0,0,0,0,0,0,0,0,0,0,0,0,0,0,0,0,0,0,0,0,0,0,0,0,0,0,0,0,0,0,0,0,0,0,0,0,0,0,0,0,0,0,0,0,0,0,0,0,0,0,0,0,0,0,0,0,0,0,0,0,0,0,0,0,0,0,0,0,0,0,0,0,0,0,0,0,0,0,0,0,0,0,0,0,0,0,0,0,0,0,0,0,0,0,0,0,0,0,0,0,0,0,0,0,0,0,0,0,0,0,0,0,0,0,0,0,33811

2016/07/28,20:49:00.56,1186,PbP,1366,2157,1967,2081,102,104,2093,2360,46,3,104,1072,3,102,0,0,0,0,0,0,0,0,0,0,0,0,0,0,0,0,0,0,0,0,0,0,0,0,0,0,0,0,0,0,60,3733,68214419,136863395,204623546,273174205,341384911,409378514,478129876,545918678,614399689,682274507,751144646,819211981,887279304,955514571,1024188092,1091821270,1160101584,1228721871,1296830157,1364922050,1433419479,1501904595,1569996478,1638194891,1706520264,1774837432,1842708174,1911287480,1979555533,2047614671,2115727057,2184240845,2252631760,2320772795,2389262029,2457493199,2525712076,2594033363,2662616779,2730442437,2798886598,2867130058,2935439048,3003903681,3071807168,3140169410,3208265410,3276791491,3345092278,3412987582,3481460419,3549822657,3618176692,3686534835,3754704565,3822444213,3890728625,3959389861,4027834015,0,0,0,0,0,0,0,0,0,0,0,0,0,0,0,0,0,0,0,0,0,0,0,0,0,0,0,0,0,0,0,0,0,0,0,0,0,0,0,0,0,0,0,0,0,0,0,0,0,0,0,0,0,0,0,0,0,0,0,0,0,0,0,0,0,0,0,0,0,0,0,0,0,0,0,0,0,0,0,0,0,0,0,0,0,0,0,0,0,0,0,0,0,0,0,0,0,0,0,0,0,0,0,0,0,0,0,0,0,0,0,0,0,0,0,0,0,0,0,0,0,0,0,0,0,0,0,0,0,0,0,0,0,0,0,0,0,0,0,0,0,0,0,0,0,0,0,0,0,0,0,0,0,0,0,0,0,0,0,0,0,0,0,0,0,0,0,0,0,0,0,0,0,0,0,0,0,0,0,0,0,0,0,0,0,0,0,0,0,0,0,0,0,0,0,0,35808

2016/07/28,20:49:01.56,1186,PbP,1364,2161,1967,2080,102,104,2093,2360,49,4,104,1076,3,102,0,0,0,0,0,0,0,0,0,0,0,0,0,0,0,0,0,0,0,0,0,0,0,0,0,0,0,0,0,28,32,3742,68533891,136621668,204877391,272965202,341306943,409742888,477552177,545742388,614166075,682430021,751242812,819129929,887598688,955711069,1023639126,1092177502,1160109666,1228734058,1297489482,1365352024,1433587301,1501781607,1569869416,1638239844,1706331755,1774841473,1843154559,1911385727,1979678354,2047827598,2115841698,2184560282,2252746401,2321444526,2389319356,2457788097,2525937353,2594225874,2662448853,2730430163,2798477012,2867011278,2935127733,3003674303,3071839937,3140091575,3208093372,3276369595,3344985787,3413130948,3481177797,3549769409,3618016972,3686489806,3754434249,3822608074,3891052244,3959230166,4027432661,0,0,0,0,0,0,0,0,0,0,0,0,0,0,0,0,0,0,0,0,0,0,0,0,0,0,0,0,0,0,0,0,0,0,0,0,0,0,0,0,0,0,0,0,0,0,0,0,0,0,0,0,0,0,0,0,0,0,0,0,0,0,0,0,0,0,0,0,0,0,0,0,0,0,0,0,0,0,0,0,0,0,0,0,0,0,0,0,0,0,0,0,0,0,0,0,0,0,0,0,0,0,0,0,0,0,0,0,0,0,0,0,0,0,0,0,0,0,0,0,0,0,0,0,0,0,0,0,0,0,0,0,0,0,0,0,0,0,0,0,0,0,0,0,0,0,0,0,0,0,0,0,0,0,0,0,0,0,0,0,0,0,0,0,0,0,0,0,0,0,0,0,0,0,0,0,0,0,0,0,0,0,0,0,0,0,0,0,0,0,0,0,0,0,0,0,32383

2016/07/28,20:49:02.56,1186,PbP,1365,2163,1967,2080,102,104,2093,2360,50,3,104,1060,3,102,0,0,0,0,0,0,0,0,0,0,0,0,0,0,0,0,0,0,0,0,0,0,0,0,0,0,0,0,0,0,60,3795,68050645,136244946,204472020,272686804,341044946,409558733,478121682,546000585,614072014,682581707,750882518,818163408,887045830,955723463,1023827670,1091792589,1160408767,1228791477,1297002177,1365180090,1433710253,1501781678,1570123433,1638526633,1706339999,1774861983,1843154595,1911340720,1979264676,2047590061,2116234923,2184986290,2252783280,2320567985,2389417651,2457403073,2525187775,2593480377,2662198967,2730208956,2798231233,2866994876,2935324342,3003707056,3071905474,3139747512,3208249008,3276549799,3344760496,3413003954,3481587373,3549732531,3617959609,3685899973,3754196679,3823070922,3891478208,3959242431,4027358910,0,0,0,0,0,0,0,0,0,0,0,0,0,0,0,0,0,0,0,0,0,0,0,0,0,0,0,0,0,0,0,0,0,0,0,0,0,0,0,0,0,0,0,0,0,0,0,0,0,0,0,0,0,0,0,0,0,0,0,0,0,0,0,0,0,0,0,0,0,0,0,0,0,0,0,0,0,0,0,0,0,0,0,0,0,0,0,0,0,0,0,0,0,0,0,0,0,0,0,0,0,0,0,0,0,0,0,0,0,0,0,0,0,0,0,0,0,0,0,0,0,0,0,0,0,0,0,0,0,0,0,0,0,0,0,0,0,0,0,0,0,0,0,0,0,0,0,0,0,0,0,0,0,0,0,0,0,0,0,0,0,0,0,0,0,0,0,0,0,0,0,0,0,0,0,0,0,0,0,0,0,0,0,0,0,0,0,0,0,0,0,0,0,0,0,0,35953

2016/07/28,20:49:03.56,1186,PbP,1365,2159,1967,2079,102,104,2093,2360,40,3,104,1060,3,102,0,0,0,0,0,0,0,0,0,0,0,0,0,0,0,0,0,0,0,0,0,0,0,0,0,0,0,0,0,39,21,3772,67903155,136584870,204140199,272764575,340749965,408788622,477265546,545365644,613740175,682356366,750419600,818896537,886857362,955256478,1023618739,1091378866,1160003269,1228095170,1296461480,1365016205,1433243252,1501355617,1570053714,1637973576,1706339920,1774165571,1842445898,1911160390,1978936893,2047376970,2115624521,2183736911,2252344915,2320735843,2388426339,2456608371,2525343345,2593578622,2661555838,2729946749,2798108290,2866712178,2934632046,3002818148,3070864984,3139210832,3207962190,3275890262,3344170582,3412631114,3480874564,3549052478,3617480271,3685342800,3753987664,3821887059,3890220621,3958451797,4026588763,0,0,0,0,0,0,0,0,0,0,0,0,0,0,0,0,0,0,0,0,0,0,0,0,0,0,0,0,0,0,0,0,0,0,0,0,0,0,0,0,0,0,0,0,0,0,0,0,0,0,0,0,0,0,0,0,0,0,0,0,0,0,0,0,0,0,0,0,0,0,0,0,0,0,0,0,0,0,0,0,0,0,0,0,0,0,0,0,0,0,0,0,0,0,0,0,0,0,0,0,0,0,0,0,0,0,0,0,0,0,0,0,0,0,0,0,0,0,0,0,0,0,0,0,0,0,0,0,0,0,0,0,0,0,0,0,0,0,0,0,0,0,0,0,0,0,0,0,0,0,0,0,0,0,0,0,0,0,0,0,0,0,0,0,0,0,0,0,0,0,0,0,0,0,0,0,0,0,0,0,0,0,0,0,0,0,0,0,0,0,0,0,0,0,0,0,30646

2016/07/28,20:49:04.56,1186,PbP,1366,2168,1967,2078,102,104,2093,2360,42,3,104,1044,3,102,0,0,0,0,0,0,0,0,0,0,0,0,0,0,0,0,0,0,0,0,0,0,0,0,0,0,0,0,0,22,38,3666,67780203,136130165,204877417,273092203,341311091,409665134,477707893,546266720,614698603,682532460,750853755,819228262,887443043,955756134,1023577710,1092390503,1160887908,1228607078,1297014393,1365225073,1433136762,1501724293,1570401931,1638317727,1706466981,1774599835,1843269299,1911148232,1979330236,2047798975,2116472514,2184482497,2252676803,2321043134,2389266103,2457677506,2525724336,2594025129,2662055588,2730692256,2798878370,2866716315,2935340683,3003166354,3071762069,3139985045,3208441490,3276476060,3344883365,3413253792,3480993442,3549150886,3618012837,3686280872,3754290850,3822886556,3890970266,3959168666,4026998414,0,0,0,0,0,0,0,0,0,0,0,0,0,0,0,0,0,0,0,0,0,0,0,0,0,0,0,0,0,0,0,0,0,0,0,0,0,0,0,0,0,0,0,0,0,0,0,0,0,0,0,0,0,0,0,0,0,0,0,0,0,0,0,0,0,0,0,0,0,0,0,0,0,0,0,0,0,0,0,0,0,0,0,0,0,0,0,0,0,0,0,0,0,0,0,0,0,0,0,0,0,0,0,0,0,0,0,0,0,0,0,0,0,0,0,0,0,0,0,0,0,0,0,0,0,0,0,0,0,0,0,0,0,0,0,0,0,0,0,0,0,0,0,0,0,0,0,0,0,0,0,0,0,0,0,0,0,0,0,0,0,0,0,0,0,0,0,0,0,0,0,0,0,0,0,0,0,0,0,0,0,0,0,0,0,0,0,0,0,0,0,0,0,0,0,0,31936

2016/07/28,20:49:05.56,1186,PbP,1366,2173,1967,2078,102,104,2093,2360,50,4,104,1055,3,102,0,0,0,0,0,0,0,0,0,0,0,0,0,0,0,0,0,0,0,0,0,0,0,0,0,0,0,0,0,17,43,3714,68447867,136453749,204537447,272715369,341069414,409095784,477650534,545828450,614313571,682045023,750284380,819244638,887471712,955321958,1023204978,1092124274,1159892613,1228197549,1296441024,1365130959,1433476831,1501392604,1569689304,1638059735,1706012370,1774747331,1842822848,1910660793,1979530941,2047803061,2115972781,2184081074,2252496560,2320522926,2389233318,2457333415,2525847213,2593926837,2662252214,2730663602,2798784181,2867138237,2935152315,3003563707,3071725246,3140341440,3208142538,3276623554,3345026753,3412889295,3481185992,3549695693,3618213573,3686194892,3754503887,3822173906,3890888394,3959422664,4027154119,0,0,0,0,0,0,0,0,0,0,0,0,0,0,0,0,0,0,0,0,0,0,0,0,0,0,0,0,0,0,0,0,0,0,0,0,0,0,0,0,0,0,0,0,0,0,0,0,0,0,0,0,0,0,0,0,0,0,0,0,0,0,0,0,0,0,0,0,0,0,0,0,0,0,0,0,0,0,0,0,0,0,0,0,0,0,0,0,0,0,0,0,0,0,0,0,0,0,0,0,0,0,0,0,0,0,0,0,0,0,0,0,0,0,0,0,0,0,0,0,0,0,0,0,0,0,0,0,0,0,0,0,0,0,0,0,0,0,0,0,0,0,0,0,0,0,0,0,0,0,0,0,0,0,0,0,0,0,0,0,0,0,0,0,0,0,0,0,0,0,0,0,0,0,0,0,0,0,0,0,0,0,0,0,0,0,0,0,0,0,0,0,0,0,0,0,33528

2016/07/28,20:49:06.56,1186,PbP,1367,2180,1967,2077,102,104,2093,2360,47,3,104,1082,3,102,0,0,0,0,0,0,0,0,0,0,0,0,0,0,0,0,0,0,0,0,0,0,0,0,0,0,0,0,0,2,58,3785,67997375,136253117,204758718,273346228,341372594,409890477,477929133,545836714,614727342,682368683,750849709,819330744,887385786,955530943,1023811272,1091731164,1160072919,1228541658,1296711388,1365040869,1433063138,1502084835,1570254560,1638239968,1706532575,1774882523,1842986716,1911480035,1979469527,2047790805,2116296383,2184097470,2252385983,2321125038,2389208732,2457304729,2525769358,2594528900,2662649471,2730430085,2798898825,2867609229,2935811732,3003690654,3072097965,3140349628,3208711864,3276758724,3345157835,3413438160,3481624275,3549830874,3618160355,3686026986,3754798826,3822898904,3891474136,3959238358,4027633349,0,0,0,0,0,0,0,0,0,0,0,0,0,0,0,0,0,0,0,0,0,0,0,0,0,0,0,0,0,0,0,0,0,0,0,0,0,0,0,0,0,0,0,0,0,0,0,0,0,0,0,0,0,0,0,0,0,0,0,0,0,0,0,0,0,0,0,0,0,0,0,0,0,0,0,0,0,0,0,0,0,0,0,0,0,0,0,0,0,0,0,0,0,0,0,0,0,0,0,0,0,0,0,0,0,0,0,0,0,0,0,0,0,0,0,0,0,0,0,0,0,0,0,0,0,0,0,0,0,0,0,0,0,0,0,0,0,0,0,0,0,0,0,0,0,0,0,0,0,0,0,0,0,0,0,0,0,0,0,0,0,0,0,0,0,0,0,0,0,0,0,0,0,0,0,0,0,0,0,0,0,0,0,0,0,0,0,0,0,0,0,0,0,0,0,0,35443

2016/07/28,20:49:07.56,1186,PbP,1368,2189,1967,2076,102,104,2093,2359,37,3,104,1068,3,102,0,0,0,0,0,0,0,0,0,0,0,0,0,0,0,0,0,0,0,0,0,0,0,0,0,0,0,0,0,27,33,3784,68427477,136560333,204836555,272850639,341626588,409603819,477777642,546381547,614608607,682577617,750735049,818970303,887131829,955358841,1023585914,1091780218,1160310375,1228619343,1297026636,1364786757,1433534022,1502006833,1569848875,1638321708,1706311228,1775046189,1843088925,1911172641,1979858464,2048286246,2116427284,2184547863,2252705324,2320866868,2389540415,2457517635,2526035543,2594205311,2662510200,2730561149,2799021717,2867003046,2935185078,3003793079,3071762109,3140112082,3208589009,3277291215,3345342165,3413647062,3481341667,3549732570,3617971928,3686354655,3754532577,3822788314,3891445470,3959164632,4027612887,0,0,0,0,0,0,0,0,0,0,0,0,0,0,0,0,0,0,0,0,0,0,0,0,0,0,0,0,0,0,0,0,0,0,0,0,0,0,0,0,0,0,0,0,0,0,0,0,0,0,0,0,0,0,0,0,0,0,0,0,0,0,0,0,0,0,0,0,0,0,0,0,0,0,0,0,0,0,0,0,0,0,0,0,0,0,0,0,0,0,0,0,0,0,0,0,0,0,0,0,0,0,0,0,0,0,0,0,0,0,0,0,0,0,0,0,0,0,0,0,0,0,0,0,0,0,0,0,0,0,0,0,0,0,0,0,0,0,0,0,0,0,0,0,0,0,0,0,0,0,0,0,0,0,0,0,0,0,0,0,0,0,0,0,0,0,0,0,0,0,0,0,0,0,0,0,0,0,0,0,0,0,0,0,0,0,0,0,0,0,0,0,0,0,0,0,31607

2016/07/28,20:49:08.56,1186,PbP,1367,2195,1967,2075,102,104,2093,2359,40,4,104,1061,3,102,0,0,0,0,0,0,0,0,0,0,0,0,0,0,0,0,0,0,0,0,0,0,0,0,0,0,0,0,0,0,60,3803,68538061,136826578,205414099,272948944,341425880,409935567,477384403,545824473,614596313,682843868,750993125,819764961,888000231,955834094,1024466666,1092263641,1160822479,1229221579,1297223343,1365548703,1433640603,1502039697,1570508443,1638530709,1706577543,1774874274,1843269306,1911770802,1979797185,2048188105,2116148955,2184335073,2252611312,2320936694,2389282544,2456973042,2525789935,2593885933,2662211294,2730426083,2798665448,2866736868,2935033578,3003436770,3071557351,3140259559,3208232679,3276574439,3344768737,3412831976,3481427688,3549794024,3617738470,3686026986,3754151661,3822747368,3891097320,3958857455,4027412218,0,0,0,0,0,0,0,0,0,0,0,0,0,0,0,0,0,0,0,0,0,0,0,0,0,0,0,0,0,0,0,0,0,0,0,0,0,0,0,0,0,0,0,0,0,0,0,0,0,0,0,0,0,0,0,0,0,0,0,0,0,0,0,0,0,0,0,0,0,0,0,0,0,0,0,0,0,0,0,0,0,0,0,0,0,0,0,0,0,0,0,0,0,0,0,0,0,0,0,0,0,0,0,0,0,0,0,0,0,0,0,0,0,0,0,0,0,0,0,0,0,0,0,0,0,0,0,0,0,0,0,0,0,0,0,0,0,0,0,0,0,0,0,0,0,0,0,0,0,0,0,0,0,0,0,0,0,0,0,0,0,0,0,0,0,0,0,0,0,0,0,0,0,0,0,0,0,0,0,0,0,0,0,0,0,0,0,0,0,0,0,0,0,0,0,0,36344

2016/07/28,20:49:09.57,1186,PbP,1363,2152,1967,2075,102,104,2093,2359,45,3,104,1078,3,102,0,0,0,0,0,0,0,0,0,0,0,0,0,0,0,0,0,0,0,0,0,0,0,0,0,0,0,0,0,7,53,3830,68460270,136113912,205098746,273444597,341647092,409603822,477585135,546529007,614842080,683118310,751230694,819408619,887566053,955907798,1023917781,1092230832,1161059992,1229012629,1297411729,1365200531,1433566880,1502129835,1570516663,1638370970,1707134618,1775132358,1843113663,1911418564,1979653802,2048220871,2116673231,2184568497,2253119186,2321104593,2389712557,2457501389,2526387917,2594475726,2663001799,2730872525,2799771339,2867326672,2935807696,3004063440,3072118487,3140378332,3209047770,3277000406,3345489610,3413622447,3481550493,3549920911,3618168442,3686612588,3754856040,3823287913,3891146340,3959869024,4028264039,0,0,0,0,0,0,0,0,0,0,0,0,0,0,0,0,0,0,0,0,0,0,0,0,0,0,0,0,0,0,0,0,0,0,0,0,0,0,0,0,0,0,0,0,0,0,0,0,0,0,0,0,0,0,0,0,0,0,0,0,0,0,0,0,0,0,0,0,0,0,0,0,0,0,0,0,0,0,0,0,0,0,0,0,0,0,0,0,0,0,0,0,0,0,0,0,0,0,0,0,0,0,0,0,0,0,0,0,0,0,0,0,0,0,0,0,0,0,0,0,0,0,0,0,0,0,0,0,0,0,0,0,0,0,0,0,0,0,0,0,0,0,0,0,0,0,0,0,0,0,0,0,0,0,0,0,0,0,0,0,0,0,0,0,0,0,0,0,0,0,0,0,0,0,0,0,0,0,0,0,0,0,0,0,0,0,0,0,0,0,0,0,0,0,0,0,35141

2016/07/28,20:49:10.56,1186,PbP,1361,2154,1967,2074,102,104,2093,2359,40,3,104,1071,3,102,0,0,0,0,0,0,0,0,0,0,0,0,0,0,0,0,0,0,0,0,0,0,0,0,0,0,0,0,0,17,43,3695,68062844,135913103,204635802,272920242,341679816,409349841,477527762,545709786,614145754,682270430,750788314,818810591,887176915,955309777,1023819471,1091669710,1160199879,1228492481,1296424637,1364491974,1433480900,1501687486,1569615548,1638080201,1706094292,1775050443,1842630361,1911135963,1979350747,2047483604,2115956425,2184072880,2252295813,2320846449,2389134955,2457046624,2525589077,2593443411,2662194766,2730311249,2798718537,2866503238,2935488076,3003268687,3071458897,3140038228,3208158822,3276742256,3344481925,3413200539,3481206437,3549773500,3617504982,3686108885,3754122973,3822374620,3890568928,3959045854,4027543262,0,0,0,0,0,0,0,0,0,0,0,0,0,0,0,0,0,0,0,0,0,0,0,0,0,0,0,0,0,0,0,0,0,0,0,0,0,0,0,0,0,0,0,0,0,0,0,0,0,0,0,0,0,0,0,0,0,0,0,0,0,0,0,0,0,0,0,0,0,0,0,0,0,0,0,0,0,0,0,0,0,0,0,0,0,0,0,0,0,0,0,0,0,0,0,0,0,0,0,0,0,0,0,0,0,0,0,0,0,0,0,0,0,0,0,0,0,0,0,0,0,0,0,0,0,0,0,0,0,0,0,0,0,0,0,0,0,0,0,0,0,0,0,0,0,0,0,0,0,0,0,0,0,0,0,0,0,0,0,0,0,0,0,0,0,0,0,0,0,0,0,0,0,0,0,0,0,0,0,0,0,0,0,0,0,0,0,0,0,0,0,0,0,0,0,0,33313

2016/07/28,20:49:11.56,1186,PbP,1362,2158,1967,2073,102,104,2093,2359,36,4,104,1053,3,102,0,0,0,0,0,0,0,0,0,0,0,0,0,0,0,0,0,0,0,0,0,0,0,0,0,0,0,0,0,15,45,3804,67776217,136384196,204148402,272735922,340631201,409108100,477568636,545656438,613891705,682360438,750366318,819101297,887021169,955465325,1023815280,1092001388,1160470129,1228369526,1296424562,1364901497,1433120399,1501572773,1569918642,1638129334,1706163905,1774759638,1843171041,1911004889,1979821795,2048061151,2116398811,2184208087,2252508884,2321039052,2389622472,2457435851,2525511375,2593857232,2662174397,2730430118,2798874296,2866642610,2935709345,3003285154,3071573668,3140026014,3208412841,3276484238,3344285329,3412909719,3481206430,3549572751,3617463952,3685998243,3754159775,3822575263,3890851487,3958718118,4027023018,0,0,0,0,0,0,0,0,0,0,0,0,0,0,0,0,0,0,0,0,0,0,0,0,0,0,0,0,0,0,0,0,0,0,0,0,0,0,0,0,0,0,0,0,0,0,0,0,0,0,0,0,0,0,0,0,0,0,0,0,0,0,0,0,0,0,0,0,0,0,0,0,0,0,0,0,0,0,0,0,0,0,0,0,0,0,0,0,0,0,0,0,0,0,0,0,0,0,0,0,0,0,0,0,0,0,0,0,0,0,0,0,0,0,0,0,0,0,0,0,0,0,0,0,0,0,0,0,0,0,0,0,0,0,0,0,0,0,0,0,0,0,0,0,0,0,0,0,0,0,0,0,0,0,0,0,0,0,0,0,0,0,0,0,0,0,0,0,0,0,0,0,0,0,0,0,0,0,0,0,0,0,0,0,0,0,0,0,0,0,0,0,0,0,0,0,33625

